coverage_amount,annual_premium,effective_date,source_url
10000,6.25,2021-07-01,https://www.depgreenport.state.pa.us/elibrary/GetDocument?docId=4892808&DocName=MINE%20SUBSIDENCE%20INSURANCE%20ANNUAL%20PREMIUMS%20RATE%20CHART.PDF
20000,8.75,2021-07-01,https://www.depgreenport.state.pa.us/elibrary/GetDocument?docId=4892808&DocName=MINE%20SUBSIDENCE%20INSURANCE%20ANNUAL%20PREMIUMS%20RATE%20CHART.PDF
30000,11.25,2021-07-01,https://www.depgreenport.state.pa.us/elibrary/GetDocument?docId=4892808&DocName=MINE%20SUBSIDENCE%20INSURANCE%20ANNUAL%20PREMIUMS%20RATE%20CHART.PDF
40000,13.75,2021-07-01,https://www.depgreenport.state.pa.us/elibrary/GetDocument?docId=4892808&DocName=MINE%20SUBSIDENCE%20INSURANCE%20ANNUAL%20PREMIUMS%20RATE%20CHART.PDF
50000,16.25,2021-07-01,https://www.depgreenport.state.pa.us/elibrary/GetDocument?docId=4892808&DocName=MINE%20SUBSIDENCE%20INSURANCE%20ANNUAL%20PREMIUMS%20RATE%20CHART.PDF
60000,18.75,2021-07-01,https://www.depgreenport.state.pa.us/elibrary/GetDocument?docId=4892808&DocName=MINE%20SUBSIDENCE%20INSURANCE%20ANNUAL%20PREMIUMS%20RATE%20CHART.PDF
70000,21.25,2021-07-01,https://www.depgreenport.state.pa.us/elibrary/GetDocument?docId=4892808&DocName=MINE%20SUBSIDENCE%20INSURANCE%20ANNUAL%20PREMIUMS%20RATE%20CHART.PDF
80000,23.75,2021-07-01,https://www.depgreenport.state.pa.us/elibrary/GetDocument?docId=4892808&DocName=MINE%20SUBSIDENCE%20INSURANCE%20ANNUAL%20PREMIUMS%20RATE%20CHART.PDF
90000,26.25,2021-07-01,https://www.depgreenport.state.pa.us/elibrary/GetDocument?docId=4892808&DocName=MINE%20SUBSIDENCE%20INSURANCE%20ANNUAL%20PREMIUMS%20RATE%20CHART.PDF
100000,28.75,2021-07-01,https://www.depgreenport.state.pa.us/elibrary/GetDocument?docId=4892808&DocName=MINE%20SUBSIDENCE%20INSURANCE%20ANNUAL%20PREMIUMS%20RATE%20CHART.PDF
110000,31.25,2021-07-01,https://www.depgreenport.state.pa.us/elibrary/GetDocument?docId=4892808&DocName=MINE%20SUBSIDENCE%20INSURANCE%20ANNUAL%20PREMIUMS%20RATE%20CHART.PDF
120000,33.75,2021-07-01,https://www.depgreenport.state.pa.us/elibrary/GetDocument?docId=4892808&DocName=MINE%20SUBSIDENCE%20INSURANCE%20ANNUAL%20PREMIUMS%20RATE%20CHART.PDF
130000,36.25,2021-07-01,https://www.depgreenport.state.pa.us/elibrary/GetDocument?docId=4892808&DocName=MINE%20SUBSIDENCE%20INSURANCE%20ANNUAL%20PREMIUMS%20RATE%20CHART.PDF
140000,38.75,2021-07-01,https://www.depgreenport.state.pa.us/elibrary/GetDocument?docId=4892808&DocName=MINE%20SUBSIDENCE%20INSURANCE%20ANNUAL%20PREMIUMS%20RATE%20CHART.PDF
150000,41.25,2021-07-01,https://www.depgreenport.state.pa.us/elibrary/GetDocument?docId=4892808&DocName=MINE%20SUBSIDENCE%20INSURANCE%20ANNUAL%20PREMIUMS%20RATE%20CHART.PDF
160000,43.75,2021-07-01,https://www.depgreenport.state.pa.us/elibrary/GetDocument?docId=4892808&DocName=MINE%20SUBSIDENCE%20INSURANCE%20ANNUAL%20PREMIUMS%20RATE%20CHART.PDF
170000,46.25,2021-07-01,https://www.depgreenport.state.pa.us/elibrary/GetDocument?docId=4892808&DocName=MINE%20SUBSIDENCE%20INSURANCE%20ANNUAL%20PREMIUMS%20RATE%20CHART.PDF
180000,48.75,2021-07-01,https://www.depgreenport.state.pa.us/elibrary/GetDocument?docId=4892808&DocName=MINE%20SUBSIDENCE%20INSURANCE%20ANNUAL%20PREMIUMS%20RATE%20CHART.PDF
190000,51.25,2021-07-01,https://www.depgreenport.state.pa.us/elibrary/GetDocument?docId=4892808&DocName=MINE%20SUBSIDENCE%20INSURANCE%20ANNUAL%20PREMIUMS%20RATE%20CHART.PDF
200000,53.75,2021-07-01,https://www.depgreenport.state.pa.us/elibrary/GetDocument?docId=4892808&DocName=MINE%20SUBSIDENCE%20INSURANCE%20ANNUAL%20PREMIUMS%20RATE%20CHART.PDF
210000,56.25,2021-07-01,https://www.depgreenport.state.pa.us/elibrary/GetDocument?docId=4892808&DocName=MINE%20SUBSIDENCE%20INSURANCE%20ANNUAL%20PREMIUMS%20RATE%20CHART.PDF
220000,58.75,2021-07-01,https://www.depgreenport.state.pa.us/elibrary/GetDocument?docId=4892808&DocName=MINE%20SUBSIDENCE%20INSURANCE%20ANNUAL%20PREMIUMS%20RATE%20CHART.PDF
230000,61.25,2021-07-01,https://www.depgreenport.state.pa.us/elibrary/GetDocument?docId=4892808&DocName=MINE%20SUBSIDENCE%20INSURANCE%20ANNUAL%20PREMIUMS%20RATE%20CHART.PDF
240000,63.75,2021-07-01,https://www.depgreenport.state.pa.us/elibrary/GetDocument?docId=4892808&DocName=MINE%20SUBSIDENCE%20INSURANCE%20ANNUAL%20PREMIUMS%20RATE%20CHART.PDF
250000,66.25,2021-07-01,https://www.depgreenport.state.pa.us/elibrary/GetDocument?docId=4892808&DocName=MINE%20SUBSIDENCE%20INSURANCE%20ANNUAL%20PREMIUMS%20RATE%20CHART.PDF
260000,68.75,2021-07-01,https://www.depgreenport.state.pa.us/elibrary/GetDocument?docId=4892808&DocName=MINE%20SUBSIDENCE%20INSURANCE%20ANNUAL%20PREMIUMS%20RATE%20CHART.PDF
270000,71.25,2021-07-01,https://www.depgreenport.state.pa.us/elibrary/GetDocument?docId=4892808&DocName=MINE%20SUBSIDENCE%20INSURANCE%20ANNUAL%20PREMIUMS%20RATE%20CHART.PDF
280000,73.75,2021-07-01,https://www.depgreenport.state.pa.us/elibrary/GetDocument?docId=4892808&DocName=MINE%20SUBSIDENCE%20INSURANCE%20ANNUAL%20PREMIUMS%20RATE%20CHART.PDF
290000,76.25,2021-07-01,https://www.depgreenport.state.pa.us/elibrary/GetDocument?docId=4892808&DocName=MINE%20SUBSIDENCE%20INSURANCE%20ANNUAL%20PREMIUMS%20RATE%20CHART.PDF
300000,78.75,2021-07-01,https://www.depgreenport.state.pa.us/elibrary/GetDocument?docId=4892808&DocName=MINE%20SUBSIDENCE%20INSURANCE%20ANNUAL%20PREMIUMS%20RATE%20CHART.PDF
310000,81.25,2021-07-01,https://www.depgreenport.state.pa.us/elibrary/GetDocument?docId=4892808&DocName=MINE%20SUBSIDENCE%20INSURANCE%20ANNUAL%20PREMIUMS%20RATE%20CHART.PDF
320000,83.75,2021-07-01,https://www.depgreenport.state.pa.us/elibrary/GetDocument?docId=4892808&DocName=MINE%20SUBSIDENCE%20INSURANCE%20ANNUAL%20PREMIUMS%20RATE%20CHART.PDF
330000,86.25,2021-07-01,https://www.depgreenport.state.pa.us/elibrary/GetDocument?docId=4892808&DocName=MINE%20SUBSIDENCE%20INSURANCE%20ANNUAL%20PREMIUMS%20RATE%20CHART.PDF
340000,88.75,2021-07-01,https://www.depgreenport.state.pa.us/elibrary/GetDocument?docId=4892808&DocName=MINE%20SUBSIDENCE%20INSURANCE%20ANNUAL%20PREMIUMS%20RATE%20CHART.PDF
350000,91.25,2021-07-01,https://www.depgreenport.state.pa.us/elibrary/GetDocument?docId=4892808&DocName=MINE%20SUBSIDENCE%20INSURANCE%20ANNUAL%20PREMIUMS%20RATE%20CHART.PDF
360000,93.75,2021-07-01,https://www.depgreenport.state.pa.us/elibrary/GetDocument?docId=4892808&DocName=MINE%20SUBSIDENCE%20INSURANCE%20ANNUAL%20PREMIUMS%20RATE%20CHART.PDF
370000,96.25,2021-07-01,https://www.depgreenport.state.pa.us/elibrary/GetDocument?docId=4892808&DocName=MINE%20SUBSIDENCE%20INSURANCE%20ANNUAL%20PREMIUMS%20RATE%20CHART.PDF
380000,98.75,2021-07-01,https://www.depgreenport.state.pa.us/elibrary/GetDocument?docId=4892808&DocName=MINE%20SUBSIDENCE%20INSURANCE%20ANNUAL%20PREMIUMS%20RATE%20CHART.PDF
390000,101.25,2021-07-01,https://www.depgreenport.state.pa.us/elibrary/GetDocument?docId=4892808&DocName=MINE%20SUBSIDENCE%20INSURANCE%20ANNUAL%20PREMIUMS%20RATE%20CHART.PDF
400000,103.75,2021-07-01,https://www.depgreenport.state.pa.us/elibrary/GetDocument?docId=4892808&DocName=MINE%20SUBSIDENCE%20INSURANCE%20ANNUAL%20PREMIUMS%20RATE%20CHART.PDF
410000,106.25,2021-07-01,https://www.depgreenport.state.pa.us/elibrary/GetDocument?docId=4892808&DocName=MINE%20SUBSIDENCE%20INSURANCE%20ANNUAL%20PREMIUMS%20RATE%20CHART.PDF
420000,108.75,2021-07-01,https://www.depgreenport.state.pa.us/elibrary/GetDocument?docId=4892808&DocName=MINE%20SUBSIDENCE%20INSURANCE%20ANNUAL%20PREMIUMS%20RATE%20CHART.PDF
430000,111.25,2021-07-01,https://www.depgreenport.state.pa.us/elibrary/GetDocument?docId=4892808&DocName=MINE%20SUBSIDENCE%20INSURANCE%20ANNUAL%20PREMIUMS%20RATE%20CHART.PDF
440000,113.75,2021-07-01,https://www.depgreenport.state.pa.us/elibrary/GetDocument?docId=4892808&DocName=MINE%20SUBSIDENCE%20INSURANCE%20ANNUAL%20PREMIUMS%20RATE%20CHART.PDF
450000,116.25,2021-07-01,https://www.depgreenport.state.pa.us/elibrary/GetDocument?docId=4892808&DocName=MINE%20SUBSIDENCE%20INSURANCE%20ANNUAL%20PREMIUMS%20RATE%20CHART.PDF
460000,118.75,2021-07-01,https://www.depgreenport.state.pa.us/elibrary/GetDocument?docId=4892808&DocName=MINE%20SUBSIDENCE%20INSURANCE%20ANNUAL%20PREMIUMS%20RATE%20CHART.PDF
470000,121.25,2021-07-01,https://www.depgreenport.state.pa.us/elibrary/GetDocument?docId=4892808&DocName=MINE%20SUBSIDENCE%20INSURANCE%20ANNUAL%20PREMIUMS%20RATE%20CHART.PDF
480000,123.75,2021-07-01,https://www.depgreenport.state.pa.us/elibrary/GetDocument?docId=4892808&DocName=MINE%20SUBSIDENCE%20INSURANCE%20ANNUAL%20PREMIUMS%20RATE%20CHART.PDF
490000,126.25,2021-07-01,https://www.depgreenport.state.pa.us/elibrary/GetDocument?docId=4892808&DocName=MINE%20SUBSIDENCE%20INSURANCE%20ANNUAL%20PREMIUMS%20RATE%20CHART.PDF
500000,128.75,2021-07-01,https://www.depgreenport.state.pa.us/elibrary/GetDocument?docId=4892808&DocName=MINE%20SUBSIDENCE%20INSURANCE%20ANNUAL%20PREMIUMS%20RATE%20CHART.PDF
510000,131.25,2021-07-01,https://www.depgreenport.state.pa.us/elibrary/GetDocument?docId=4892808&DocName=MINE%20SUBSIDENCE%20INSURANCE%20ANNUAL%20PREMIUMS%20RATE%20CHART.PDF
520000,133.75,2021-07-01,https://www.depgreenport.state.pa.us/elibrary/GetDocument?docId=4892808&DocName=MINE%20SUBSIDENCE%20INSURANCE%20ANNUAL%20PREMIUMS%20RATE%20CHART.PDF
530000,136.25,2021-07-01,https://www.depgreenport.state.pa.us/elibrary/GetDocument?docId=4892808&DocName=MINE%20SUBSIDENCE%20INSURANCE%20ANNUAL%20PREMIUMS%20RATE%20CHART.PDF
540000,138.75,2021-07-01,https://www.depgreenport.state.pa.us/elibrary/GetDocument?docId=4892808&DocName=MINE%20SUBSIDENCE%20INSURANCE%20ANNUAL%20PREMIUMS%20RATE%20CHART.PDF
550000,141.25,2021-07-01,https://www.depgreenport.state.pa.us/elibrary/GetDocument?docId=4892808&DocName=MINE%20SUBSIDENCE%20INSURANCE%20ANNUAL%20PREMIUMS%20RATE%20CHART.PDF
560000,143.75,2021-07-01,https://www.depgreenport.state.pa.us/elibrary/GetDocument?docId=4892808&DocName=MINE%20SUBSIDENCE%20INSURANCE%20ANNUAL%20PREMIUMS%20RATE%20CHART.PDF
570000,146.25,2021-07-01,https://www.depgreenport.state.pa.us/elibrary/GetDocument?docId=4892808&DocName=MINE%20SUBSIDENCE%20INSURANCE%20ANNUAL%20PREMIUMS%20RATE%20CHART.PDF
580000,148.75,2021-07-01,https://www.depgreenport.state.pa.us/elibrary/GetDocument?docId=4892808&DocName=MINE%20SUBSIDENCE%20INSURANCE%20ANNUAL%20PREMIUMS%20RATE%20CHART.PDF
590000,151.25,2021-07-01,https://www.depgreenport.state.pa.us/elibrary/GetDocument?docId=4892808&DocName=MINE%20SUBSIDENCE%20INSURANCE%20ANNUAL%20PREMIUMS%20RATE%20CHART.PDF
600000,153.75,2021-07-01,https://www.depgreenport.state.pa.us/elibrary/GetDocument?docId=4892808&DocName=MINE%20SUBSIDENCE%20INSURANCE%20ANNUAL%20PREMIUMS%20RATE%20CHART.PDF
610000,156.25,2021-07-01,https://www.depgreenport.state.pa.us/elibrary/GetDocument?docId=4892808&DocName=MINE%20SUBSIDENCE%20INSURANCE%20ANNUAL%20PREMIUMS%20RATE%20CHART.PDF
620000,158.75,2021-07-01,https://www.depgreenport.state.pa.us/elibrary/GetDocument?docId=4892808&DocName=MINE%20SUBSIDENCE%20INSURANCE%20ANNUAL%20PREMIUMS%20RATE%20CHART.PDF
630000,161.25,2021-07-01,https://www.depgreenport.state.pa.us/elibrary/GetDocument?docId=4892808&DocName=MINE%20SUBSIDENCE%20INSURANCE%20ANNUAL%20PREMIUMS%20RATE%20CHART.PDF
640000,163.75,2021-07-01,https://www.depgreenport.state.pa.us/elibrary/GetDocument?docId=4892808&DocName=MINE%20SUBSIDENCE%20INSURANCE%20ANNUAL%20PREMIUMS%20RATE%20CHART.PDF
650000,166.25,2021-07-01,https://www.depgreenport.state.pa.us/elibrary/GetDocument?docId=4892808&DocName=MINE%20SUBSIDENCE%20INSURANCE%20ANNUAL%20PREMIUMS%20RATE%20CHART.PDF
660000,168.75,2021-07-01,https://www.depgreenport.state.pa.us/elibrary/GetDocument?docId=4892808&DocName=MINE%20SUBSIDENCE%20INSURANCE%20ANNUAL%20PREMIUMS%20RATE%20CHART.PDF
670000,171.25,2021-07-01,https://www.depgreenport.state.pa.us/elibrary/GetDocument?docId=4892808&DocName=MINE%20SUBSIDENCE%20INSURANCE%20ANNUAL%20PREMIUMS%20RATE%20CHART.PDF
680000,173.75,2021-07-01,https://www.depgreenport.state.pa.us/elibrary/GetDocument?docId=4892808&DocName=MINE%20SUBSIDENCE%20INSURANCE%20ANNUAL%20PREMIUMS%20RATE%20CHART.PDF
690000,176.25,2021-07-01,https://www.depgreenport.state.pa.us/elibrary/GetDocument?docId=4892808&DocName=MINE%20SUBSIDENCE%20INSURANCE%20ANNUAL%20PREMIUMS%20RATE%20CHART.PDF
700000,178.75,2021-07-01,https://www.depgreenport.state.pa.us/elibrary/GetDocument?docId=4892808&DocName=MINE%20SUBSIDENCE%20INSURANCE%20ANNUAL%20PREMIUMS%20RATE%20CHART.PDF
710000,181.25,2021-07-01,https://www.depgreenport.state.pa.us/elibrary/GetDocument?docId=4892808&DocName=MINE%20SUBSIDENCE%20INSURANCE%20ANNUAL%20PREMIUMS%20RATE%20CHART.PDF
720000,183.75,2021-07-01,https://www.depgreenport.state.pa.us/elibrary/GetDocument?docId=4892808&DocName=MINE%20SUBSIDENCE%20INSURANCE%20ANNUAL%20PREMIUMS%20RATE%20CHART.PDF
730000,186.25,2021-07-01,https://www.depgreenport.state.pa.us/elibrary/GetDocument?docId=4892808&DocName=MINE%20SUBSIDENCE%20INSURANCE%20ANNUAL%20PREMIUMS%20RATE%20CHART.PDF
740000,188.75,2021-07-01,https://www.depgreenport.state.pa.us/elibrary/GetDocument?docId=4892808&DocName=MINE%20SUBSIDENCE%20INSURANCE%20ANNUAL%20PREMIUMS%20RATE%20CHART.PDF
750000,191.25,2021-07-01,https://www.depgreenport.state.pa.us/elibrary/GetDocument?docId=4892808&DocName=MINE%20SUBSIDENCE%20INSURANCE%20ANNUAL%20PREMIUMS%20RATE%20CHART.PDF
760000,193.75,2021-07-01,https://www.depgreenport.state.pa.us/elibrary/GetDocument?docId=4892808&DocName=MINE%20SUBSIDENCE%20INSURANCE%20ANNUAL%20PREMIUMS%20RATE%20CHART.PDF
770000,196.25,2021-07-01,https://www.depgreenport.state.pa.us/elibrary/GetDocument?docId=4892808&DocName=MINE%20SUBSIDENCE%20INSURANCE%20ANNUAL%20PREMIUMS%20RATE%20CHART.PDF
780000,198.75,2021-07-01,https://www.depgreenport.state.pa.us/elibrary/GetDocument?docId=4892808&DocName=MINE%20SUBSIDENCE%20INSURANCE%20ANNUAL%20PREMIUMS%20RATE%20CHART.PDF
790000,201.25,2021-07-01,https://www.depgreenport.state.pa.us/elibrary/GetDocument?docId=4892808&DocName=MINE%20SUBSIDENCE%20INSURANCE%20ANNUAL%20PREMIUMS%20RATE%20CHART.PDF
800000,203.75,2021-07-01,https://www.depgreenport.state.pa.us/elibrary/GetDocument?docId=4892808&DocName=MINE%20SUBSIDENCE%20INSURANCE%20ANNUAL%20PREMIUMS%20RATE%20CHART.PDF
810000,206.25,2021-07-01,https://www.depgreenport.state.pa.us/elibrary/GetDocument?docId=4892808&DocName=MINE%20SUBSIDENCE%20INSURANCE%20ANNUAL%20PREMIUMS%20RATE%20CHART.PDF
820000,208.75,2021-07-01,https://www.depgreenport.state.pa.us/elibrary/GetDocument?docId=4892808&DocName=MINE%20SUBSIDENCE%20INSURANCE%20ANNUAL%20PREMIUMS%20RATE%20CHART.PDF
830000,211.25,2021-07-01,https://www.depgreenport.state.pa.us/elibrary/GetDocument?docId=4892808&DocName=MINE%20SUBSIDENCE%20INSURANCE%20ANNUAL%20PREMIUMS%20RATE%20CHART.PDF
840000,213.75,2021-07-01,https://www.depgreenport.state.pa.us/elibrary/GetDocument?docId=4892808&DocName=MINE%20SUBSIDENCE%20INSURANCE%20ANNUAL%20PREMIUMS%20RATE%20CHART.PDF
850000,216.25,2021-07-01,https://www.depgreenport.state.pa.us/elibrary/GetDocument?docId=4892808&DocName=MINE%20SUBSIDENCE%20INSURANCE%20ANNUAL%20PREMIUMS%20RATE%20CHART.PDF
860000,218.75,2021-07-01,https://www.depgreenport.state.pa.us/elibrary/GetDocument?docId=4892808&DocName=MINE%20SUBSIDENCE%20INSURANCE%20ANNUAL%20PREMIUMS%20RATE%20CHART.PDF
870000,221.25,2021-07-01,https://www.depgreenport.state.pa.us/elibrary/GetDocument?docId=4892808&DocName=MINE%20SUBSIDENCE%20INSURANCE%20ANNUAL%20PREMIUMS%20RATE%20CHART.PDF
880000,223.75,2021-07-01,https://www.depgreenport.state.pa.us/elibrary/GetDocument?docId=4892808&DocName=MINE%20SUBSIDENCE%20INSURANCE%20ANNUAL%20PREMIUMS%20RATE%20CHART.PDF
890000,226.25,2021-07-01,https://www.depgreenport.state.pa.us/elibrary/GetDocument?docId=4892808&DocName=MINE%20SUBSIDENCE%20INSURANCE%20ANNUAL%20PREMIUMS%20RATE%20CHART.PDF
900000,228.75,2021-07-01,https://www.depgreenport.state.pa.us/elibrary/GetDocument?docId=4892808&DocName=MINE%20SUBSIDENCE%20INSURANCE%20ANNUAL%20PREMIUMS%20RATE%20CHART.PDF
910000,231.25,2021-07-01,https://www.depgreenport.state.pa.us/elibrary/GetDocument?docId=4892808&DocName=MINE%20SUBSIDENCE%20INSURANCE%20ANNUAL%20PREMIUMS%20RATE%20CHART.PDF
920000,233.75,2021-07-01,https://www.depgreenport.state.pa.us/elibrary/GetDocument?docId=4892808&DocName=MINE%20SUBSIDENCE%20INSURANCE%20ANNUAL%20PREMIUMS%20RATE%20CHART.PDF
930000,236.25,2021-07-01,https://www.depgreenport.state.pa.us/elibrary/GetDocument?docId=4892808&DocName=MINE%20SUBSIDENCE%20INSURANCE%20ANNUAL%20PREMIUMS%20RATE%20CHART.PDF
940000,238.75,2021-07-01,https://www.depgreenport.state.pa.us/elibrary/GetDocument?docId=4892808&DocName=MINE%20SUBSIDENCE%20INSURANCE%20ANNUAL%20PREMIUMS%20RATE%20CHART.PDF
950000,241.25,2021-07-01,https://www.depgreenport.state.pa.us/elibrary/GetDocument?docId=4892808&DocName=MINE%20SUBSIDENCE%20INSURANCE%20ANNUAL%20PREMIUMS%20RATE%20CHART.PDF
960000,243.75,2021-07-01,https://www.depgreenport.state.pa.us/elibrary/GetDocument?docId=4892808&DocName=MINE%20SUBSIDENCE%20INSURANCE%20ANNUAL%20PREMIUMS%20RATE%20CHART.PDF
970000,246.25,2021-07-01,https://www.depgreenport.state.pa.us/elibrary/GetDocument?docId=4892808&DocName=MINE%20SUBSIDENCE%20INSURANCE%20ANNUAL%20PREMIUMS%20RATE%20CHART.PDF
980000,248.75,2021-07-01,https://www.depgreenport.state.pa.us/elibrary/GetDocument?docId=4892808&DocName=MINE%20SUBSIDENCE%20INSURANCE%20ANNUAL%20PREMIUMS%20RATE%20CHART.PDF
990000,251.25,2021-07-01,https://www.depgreenport.state.pa.us/elibrary/GetDocument?docId=4892808&DocName=MINE%20SUBSIDENCE%20INSURANCE%20ANNUAL%20PREMIUMS%20RATE%20CHART.PDF
1000000,253.75,2021-07-01,https://www.depgreenport.state.pa.us/elibrary/GetDocument?docId=4892808&DocName=MINE%20SUBSIDENCE%20INSURANCE%20ANNUAL%20PREMIUMS%20RATE%20CHART.PDF
