municipality,sewer_lateral_at_sale,sewer_lateral_details,point_of_sale_inspection,pos_details,occupancy_permit_at_resale,source_url,confidence
Aleppo Township,N,Title guide: dye test not required at this time; no official source found to confirm,N,No inspection. The new buyer/occupant files a paperwork-only Occupancy Registration Application within 15 days of moving in ($45),N,https://aleppotownship.com/wp-content/uploads/Occupancy-Registration-Application-2.pdf,likely
Aspinwall Borough,Y,"Dye test by licensed plumber, only for properties on the separate sanitary sewer (not combined); the ordinance excludes refinance without conveyance; apply 21 days before sale. Guide says typically not required, likely because much of the borough is on combined sewer",unknown,Code has only zoning occupancy permits and a biennial rental inspection; guide lists an occupancy permit ($35) without saying it is for sales,unknown,https://ecode360.com/31321881 https://ecode360.com/37170610,confirmed (sewer); unknown (occupancy)
Avalon Borough,Y,"Dye test by any Allegheny County certified plumber on all sales unless passed within 12 months; condos exempt; not required for refinance; applies to sheriff sales, foreclosures, reverse mortgages (Ord 1305)",Y,Occupancy inspection and Certificate of Compliance required for all property sales; not for refinance,Y,https://boroughofavalon.org/__static/19873098663faa3094b38fdf6debb62f/2021_procedures_for_sale_or_refinance(4).pdf?dl=1,confirmed
Baldwin Borough,Y,"Dye test plus sewer camera (CCTV) inspection of private lateral by county-certified plumber; applies to sold, refinanced, transferred or mortgaged property; certificate valid 5 years (Ord 844)",Y,Occupancy inspection and permit by code enforcement required for property sales ($150),Y,https://www.baldwinborough.org/156/Selling-Property-in-Baldwin https://ecode360.com/7025221,confirmed
Baldwin Township,Y,Dye test by county-registered plumber with a Township Public Works employee on site; required for any sale or foreclosure of a property with an existing building; form has a refinance checkbox but does not require it; no CCTV found,N,Occupancy permit required only for businesses and new-build properties,N,https://baldwintownship.com/home-buying-selling/ https://baldwintownship.com/wp-content/uploads/2023/09/Baldwin-Township-Dye-Test-Application-Form.pdf,confirmed
Bell Acres Borough,Y,Dye test by ACHD-licensed plumber before sale or transfer of improved sewered property; refinance without conveyance excluded; certificate valid 1 year (Ord 251),N,"Guide: occupancy inspection for new construction only; code has only zoning certificate of occupancy, no resale inspection found",N,https://ecode360.com/13395658,confirmed (sewer); likely (occupancy)
Bellevue Borough,Y,"Dye test by county-registered plumber required for property sales; borough does not schedule it; not listed for refinance. Guide said inspector discretion, but the current official page says always required for sales",Y,Occupancy inspection required for all sales before closing; notarized AS-IS forms are an option if closing first,Y,https://www.bellevuepa.org/no-lien-letters,confirmed
Ben Avon Borough,Y,"Dye test certification by borough or approved inspection service before closing of any sale (Ord 678, amended Ord 902); master plumber completes form; buyer obligated if seller fails; no CCTV",N,Guide says not required; code occupancy permits apply to landlord/tenant rentals and new or changed use,N,https://ecode360.com/31607771,confirmed (sewer); likely (occupancy)
Ben Avon Heights Borough,Y,"Dye test plus CCTV lateral video inspection (form BAH-Dye-CCTV-Test-Form; search results cite Ord 349, CCTV since 2022, form due 21 days before closing); registered plumber; cert fee $35 per guide. Borough site returned HTTP 500 so not verified",N,Title guide: occupancy inspection not required,N,https://benavonheightsborough.com/borough-forms/BAH-Dye-CCTV-Test-Form.pdf,likely
Bethel Park Municipality,Y,Dye test by county-licensed plumber plus CCTV lateral inspection by NASSCO-certified plumber for all commercial and residential property deeded or sold; valid 2 years; done 21 days before closing; $50 processing,N,Official page states an occupancy inspection is not required,N,https://www.bethelparkpa.gov/community-development/engineering/dye-testing https://ecode360.com/29448504,confirmed
Blawnox Borough,Y,"Dye test plus camera sewer lateral inspection mandatory for all sales unless passed within 12 months; not required for refinance; applies to sheriff sales, foreclosures, reverse mortgages",Y,Certificate of Occupancy required for all property sales after inspection; not for refinance,Y,https://www.blawnox.com/1228/Property-Sale-Procedures https://ecode360.com/34557927,confirmed
Brackenridge Borough,Y,Guide: dye test by licensed plumber required at sale. Official page describes a smoke or dye testing program ($25 application) but does not state the sale trigger,Y,Guide: occupancy certificate required at sale. Official page has an occupancy permit application but does not state the trigger,Y,https://www.brackenridgeboro.com/smoke-or-dye-testing-and-inspection https://www.brackenridgeboro.com/occupancy-permit,likely
Braddock Borough,unknown,Guide says check with borough; no dye test form found on the official documents page,Y,Residential and commercial occupancy permit inspection by code enforcement; form lists owner/seller and buyer ($75 single family),Y,https://braddockborough.com/uploads/documents/office-forms/occupancy-permit-20260203-135705.pdf,likely (occupancy); unknown (sewer)
Braddock Hills Borough,Y,Dye test required for all property sales; registered master plumber completes form; $35; not listed for refinance,Y,Occupancy inspection required when selling or renting ($90); as-is purchase allowed via notarized affidavit and temporary permit,Y,https://braddockhillspa.com/property-information,confirmed
Bradford Woods Borough,N,Title guide: dye test not required at this time; official site has no sale requirement,N,Title guide: not required; official site has an occupancy permit form but nothing about resale,N,https://www.bradfordwoodspa.org/2203/BuildingZoning,likely
Brentwood Borough,Y,Dye test plus sewer lateral video camera inspection; dye and lateral compliance certifications required before any transfer; apply 21 days before closing; valid 5 years or until next sale; spousal and trust transfers excluded (Ord 1251/1270),Y,Occupancy inspection is a step in the property transfer process for sales,Y,https://ecode360.com/29423919 https://brentwoodpa.gov/property,confirmed
Bridgeville Borough,Y,"Sanitary sewer certification with a dye test by county-licensed plumber required for sale, transfer and refinance ($25); no CCTV mentioned",unknown,"Occupancy and Use Permit form (Ord 940, $10 residential) asks for the new owner or tenant and needs zoning officer approval; not clear an inspection is done. The real estate transfers page lists only lien, tax and sewer certifications",Y,https://bridgevilleboro.com/real-estate-transfers/ https://bridgevilleboro.com/wp-content/uploads/2017/04/occupancyandusepermitapp.pdf https://ecode360.com/14258764,confirmed (sewer); likely (occupancy)
Carnegie Borough,Y,Dye test by licensed plumber required for selling and refinancing ($30); no CCTV mentioned,Y,Occupancy certificate and inspection required when selling (not refinance); notarized affidavit option if it fails,Y,https://www.carnegieborough.com/selling_property.html,confirmed
Castle Shannon Borough,Y,"Dye test performed by Castle Shannon Public Works on sales; valid 1 year; not required for refinance or for Shannon Heights, Grenadier and Ellison Place condos",Y,Occupancy inspection by code enforcement officer required for sales; not for refinance,Y,https://www.csboro.org/property-sales-refinances-and-rentals/,confirmed
Chalfant Borough,Y,Dye test plus private lateral evaluation (Private Lateral Evaluation Minimum Requirements 2024; guide says lateral camera test) at time of sale; $300,Y,Occupancy permit at purchase through Turtle Creek Valley COG ($75),Y,https://chalfantborough-pa.org/borough-documents-resources/buying-and-selling-property-in-chalfant-borough/,confirmed
Cheswick Borough,Y,Dye test by ACHD-licensed plumber before sale or transfer of improved sewered property; refinance without conveyance excluded; apply 14 days before; letter of acceptance valid 3 years or until next sale (amended 2025; guide's 10 years is outdated),N,Title guide: occupancy not required at this time; no official source checked,N,https://ecode360.com/36239085,confirmed (sewer); likely (occupancy)
Churchill Borough,Y,Dye test ($60) plus private sanitary sewer CCTV lateral inspection ($40) required before selling (guide listed dye only),Y,Occupancy inspection required before selling ($75 residential; guide said not required),Y,https://www.churchillborough.com/services/selling-a-home-in-churchill,confirmed
Clairton City,Y,Dye test required to sell any property served by Clairton Municipal Authority (since 2012) by authority-authorized plumber; $200; no CCTV,Y,All property sales must have a completed and paid occupancy permit before letters are released,Y,http://clairtonmunicipalauthority.org/pdfs2013/Dye_Test_Instructions_and_Plumbers_List.pdf https://cityofclairton.com/city-administration-finance/,confirmed
Collier Township,Y,"Dye test plus CCTV video lateral inspection for existing homes (new construction dye only) on all exchanges of property including refinancing; dye valid 2 years, lateral 5 years; failed lateral must be replaced or relined",N,Title guide: occupancy inspection not required,N,https://colliertownship.net/departments/sanitary-sewer-department/ https://colliertownship.net/wp-content/uploads/2023/03/Dye-test-info-forms.pdf https://ecode360.com/41920222,confirmed (sewer); likely (occupancy)
Coraopolis Borough,unknown,"Guide: dye test required for some areas only, verify with borough; no official source found",N,Occupancy permit required only for rental and business property (Ord 1743 applies to owners who rent),N,https://coraopolispa.com/wp-content/uploads/2018/12/1743.pdf https://coraopolispa.com/OCCUPANCY-PERMIT.pdf,confirmed (occupancy); unknown (sewer)
Crafton Borough,Y,"Dye test by licensed plumber, only for properties on the separate sanitary sewer (not combined); refinance without conveyance excluded; apply 21 days before sale (Ord 1576). Guide says not required, likely because of combined sewer areas",Y,"Owner-occupied units changing occupancy through sale or transfer need inspection and occupancy permit (Ord 1680, 2025); valid 3 years",Y,https://ecode360.com/12027676 https://ecode360.com/34563365,confirmed
Crescent Township,Y,Dye (downspout) test done by a Moon Township Municipal Authority inspector when a home is sold more than 2 years after construction; valid 2 years; 14 days notice; no CCTV. The MTMA page does not name Crescent; guide says MTMA is Crescent's sewer provider,N,Title guide: not required as of spring 2020; township transfer page lists only lien letters,N,https://moontma.com/dye-test-lien-letter-request/ http://crescenttownship.com/real-estate-transfer,likely
Dormont Borough,Y,"Dye test plus video camera inspection of private lateral, both by ACHD-registered plumber; applies to selling or mortgaging (Ord 1455/1511); guide says valid 90 days",N,"Title guide: not required for single-family; required for duplex, 3+ units and commercial",N,https://ecode360.com/29187257,confirmed (sewer); likely (occupancy)
Dravosburg Borough,Y,Dye test certificate of compliance by county-permitted plumber; the form does not state the sale trigger (guide says required for purchases); no CCTV,Y,Certificate of Occupancy application lists buyer/tenant; inspection void after 30 days; no occupancy before certificate issued,Y,https://dravosburg.org/wp-content/uploads/2022/09/Dravosburg-dye-testing.pdf https://dravosburg.org/wp-content/uploads/2022/09/Dravosburg-certificate-of-occupancy.pdf,likely
Duquesne City,N,Title guide: dye test not required at this time; no dye form on the city forms page,N,"Form states occupancy inspections are not required to close on a sale, but a Certificate of Occupancy inspection is needed on any change of tenant or owner ($100 residential)",Y,https://www.duquesnepa.us/i/u/10068876/f/Occupancy_Application_website_2026.pdf,confirmed (occupancy); likely (sewer)
East Deer Township,Y,Smoke or dye test by registered plumber or home inspector ($50); the form does not state the sale trigger (guide says required for purchases),Y,Occupancy inspection permit application covers sale or rental; $75 per unit,Y,http://eastdeertownship.org/wp-content/uploads/2026/02/Dye-Test-Form.pdf http://eastdeertownship.org/wp-content/uploads/2026/02/Occupancy-Application-east-deer.pdf,likely (sewer); confirmed (occupancy)
East McKeesport Borough,Y,Dye test by registered master plumber plus private lateral camera (CCTV) inspection by master plumber or NASSCO-certified operator at time of sale; video submitted; $125,Y,"Occupancy permit and code officer inspection required before lien letters are released for a sale, plus zoning permit (through Turtle Creek Valley COG)",Y,https://www.eastmckeesportboro.com/DocumentCenter/View/306/Requirements-for-Selling-a-Property-PDF https://www.eastmckeesportboro.com/1219/Application-Documents-Forms,confirmed
East Pittsburgh Borough,N,Official page says the borough does NOT require dye testing,Y,Occupancy inspection required at property sale ($75 residential owner-occupied or rental; $100 commercial),Y,http://eastpittsburghboro.com/forms-permits/property-sale-requirements/,confirmed
Edgewood Borough,Y,dye test by registered plumber; official form: required for sale of property or change of rental occupant; no CCTV,Y,occupancy inspection application with sale/rental option,Y,https://edgewood.pgh.pa.us/wp-content/uploads/2026/06/Dye-Test-Certificate.pdf https://edgewood.pgh.pa.us/wp-content/uploads/2026/06/Occupancy-Permit.pdf https://localwebdesigncompany.com/pennsylvanialandtitles/wp-content/uploads/sites/224/2024/03/Allegheny-County-Dye-Test-Occupancy-Info-Rev.-2024.pdf,confirmed
Edgeworth Borough,N,guide: not required at this time; official site silent,N,guide: not required; official building and zoning page silent on resale,N,https://edgeworthborough.org/services/building-and-zoning/ https://localwebdesigncompany.com/pennsylvanialandtitles/wp-content/uploads/sites/224/2024/03/Allegheny-County-Dye-Test-Occupancy-Info-Rev.-2024.pdf,likely
Elizabeth Borough,N,guide: not required; no official source found,Y,official certificate of occupancy application with buyer/tenant fields and inspection; sale trigger per guide,Y,https://elizabethpa.net/document/occupancy-application/ https://elizabethpa.net/resources/forms/ https://localwebdesigncompany.com/pennsylvanialandtitles/wp-content/uploads/sites/224/2024/03/Allegheny-County-Dye-Test-Occupancy-Info-Rev.-2024.pdf,likely
Elizabeth Township,Y,dye test for all sales and transfers by licensed plumber with township sanitation rep present; valid 1 yr unless property changes hands; not for refinance; septic exempt; no CCTV,Y,certificate of occupancy with inspection every time property changes hands,Y,https://www.elizabethtownshippa.com/property-sale-information https://www.elizabethtownshippa.com/sewage https://ecode360.com/26854512 https://localwebdesigncompany.com/pennsylvanialandtitles/wp-content/uploads/sites/224/2024/03/Allegheny-County-Dye-Test-Occupancy-Info-Rev.-2024.pdf,confirmed
Emsworth Borough,Y,"dye test by licensed plumber on borough report form (downspouts, area drains, vent; no CCTV); sale trigger per guide; not condos per guide",N,guide: occupancy not required,N,https://emsworthborough.com/forms/ https://emsworthborough.com/__static/66be0f20df770c731019ba30fd73e178/dye-test-application.pdf?dl=1 https://localwebdesigncompany.com/pennsylvanialandtitles/wp-content/uploads/sites/224/2024/03/Allegheny-County-Dye-Test-Occupancy-Info-Rev.-2024.pdf,likely
Etna Borough,N,guide: not required; official property-sale page lists no dye test,Y,certificate of code compliance for sale of property inspected against IPMC; buyer occupancy registration within 5 days of closing,Y,http://www.etnaborough.org/index.php/services/public-works-administration http://www.etnaborough.org/index.php/services-mobile/forms-documents-mobile/item/application-for-certificate-of-code-compliance-sale-of-property https://localwebdesigncompany.com/pennsylvanialandtitles/wp-content/uploads/sites/224/2024/03/Allegheny-County-Dye-Test-Occupancy-Info-Rev.-2024.pdf,confirmed
Fawn Township,Y,guide only: dye test for purchase by licensed plumber,N,official buyer building occupancy registration within 30 days; no inspection shown,Y,https://fawntownship.com/wp-content/uploads/2025/09/building_occupancy.pdf https://localwebdesigncompany.com/pennsylvanialandtitles/wp-content/uploads/sites/224/2024/03/Allegheny-County-Dye-Test-Occupancy-Info-Rev.-2024.pdf,likely
Findlay Township,Y,"dye inspection at time of sale by Findlay Twp Municipal Authority staff (roof drains, sumps, area drains, vents); not for refinance, unoccupied new homes or septic; no CCTV",N,guide: occupancy inspection not required,N,https://www.ftmawatersewer.com/dye-test-information https://www.ftmawatersewer.com/property-transfer https://localwebdesigncompany.com/pennsylvanialandtitles/wp-content/uploads/sites/224/2024/03/Allegheny-County-Dye-Test-Occupancy-Info-Rev.-2024.pdf,partial
Forest Hills Borough,Y,dye test by registered plumber; apply 21+ days before sale or transfer; valid 1 yr; no CCTV,N,guide: occupancy cert not required,N,https://ecode360.com/31368460 https://cms3.revize.com/revize/foresthills/Forms/Permit%20Applications/Application%20For%20Dye%20Test%20Certificate%20Of%20Compliance.pdf https://localwebdesigncompany.com/pennsylvanialandtitles/wp-content/uploads/sites/224/2024/03/Allegheny-County-Dye-Test-Occupancy-Info-Rev.-2024.pdf,partial
Forward Township,N,guide: not required; official sanitation page silent,N,guide: not required,N,http://www.forwardtownship.com/sanitation--sewage.html https://localwebdesigncompany.com/pennsylvanialandtitles/wp-content/uploads/sites/224/2024/03/Allegheny-County-Dye-Test-Occupancy-Info-Rev.-2024.pdf,likely
Fox Chapel Borough,Y,"any sale: dye test, smoke test of lateral, CCTV camera inspection of lateral by borough-listed licensed plumber; new cert each sale",N,no building inspection; zoning certificate of compliance signed by purchaser on change of ownership (paperwork),Y,https://www.fox-chapel.pa.us/188/Dye-Testing https://www.fox-chapel.pa.us/205/No-Lien-Letter https://ecode360.com/31904911 https://localwebdesigncompany.com/pennsylvanialandtitles/wp-content/uploads/sites/224/2024/03/Allegheny-County-Dye-Test-Occupancy-Info-Rev.-2024.pdf,confirmed
Franklin Park Borough,Y,dye test by McCandless Twp Sanitary Authority; apply 14+ days before sale; no-lien letter (sale or refinance) verifies passed test; no CCTV mentioned,unknown,guide: contact borough; nothing official found,unknown,https://www.franklinparkborough.us/162/Sanitary-Sewer-Dye-Testing https://www.franklinparkborough.us/161/No-Lien-Letters https://www.mtsaonline.org/dye-testing https://localwebdesigncompany.com/pennsylvanialandtitles/wp-content/uploads/sites/224/2024/03/Allegheny-County-Dye-Test-Occupancy-Info-Rev.-2024.pdf,partial
Frazer Township,N,guide: not required; no official source,unknown,official residential occupancy permit filed by new occupant within 10 days with zoning officer certification; guide says not required (conflict),Y,https://www.frazertownship.net/permits.php https://www.frazertownship.net/Residential%20Occupancy%20Permit%20Application-2025.pdf https://localwebdesigncompany.com/pennsylvanialandtitles/wp-content/uploads/sites/224/2024/03/Allegheny-County-Dye-Test-Occupancy-Info-Rev.-2024.pdf,likely
Glassport Borough,Y,dye test by certified plumber,Y,occupancy inspection by borough contract inspector for rental and transfer,Y,https://glassportborough.net/building-inspector-cea https://localwebdesigncompany.com/pennsylvanialandtitles/wp-content/uploads/sites/224/2024/03/Allegheny-County-Dye-Test-Occupancy-Info-Rev.-2024.pdf,confirmed
Glen Osborne Borough,Y,sanitary sewer inflow (dye) certification by licensed master plumber; no CCTV; sale trigger per guide,N,guide: occupancy not required,N,https://www.glenosborneborough.org/sanitary-sewer-inflow.pdf https://www.glenosborneborough.org/forms.html https://localwebdesigncompany.com/pennsylvanialandtitles/wp-content/uploads/sites/224/2024/03/Allegheny-County-Dye-Test-Occupancy-Info-Rev.-2024.pdf,likely
Glenfield Borough,unknown,not in guide; official resources page lists no sale requirement,unknown,no information found,unknown,https://glenfieldborough.org/resources/ https://localwebdesigncompany.com/pennsylvanialandtitles/wp-content/uploads/sites/224/2024/03/Allegheny-County-Dye-Test-Occupancy-Info-Rev.-2024.pdf,unknown
Green Tree Borough,Y,dye test plus CCTV video inspection of lateral from house to main by licensed plumber; apply 10+ days before closing; not for refinance,Y,"borough withholds occupancy permit, lien letter and tax cert until evidence of compliance; inspection scope not found",Y,https://www.greentreeboro.com/departments/community_development/dye_testing.php https://localwebdesigncompany.com/pennsylvanialandtitles/wp-content/uploads/sites/224/2024/03/Allegheny-County-Dye-Test-Occupancy-Info-Rev.-2024.pdf,partial
Hampton Township,Y,"stormwater compliance (dye) test for all sales or deed-name transfers, no exemptions (Ord. 648); township-approved plumber; other-authority areas use that authority's process; no CCTV",N,guide lists none; none found officially,unknown,https://www.hampton-pa.gov/145/Dye-Testing https://www.hampton-pa.gov/DocumentCenter/View/5225/2025-Dye-Test-Storm-Water-Testing-Process https://ecode360.com/26917470 https://localwebdesigncompany.com/pennsylvanialandtitles/wp-content/uploads/sites/224/2024/03/Allegheny-County-Dye-Test-Occupancy-Info-Rev.-2024.pdf,partial
Harmar Township,Y,dye test by licensed plumber before sale or transfer (Ord. 356) incl. transfers to relatives; refinance with same owner exempt,Y,occupancy-rental inspection application required for lien letter on any change of owner; not refinance,Y,https://harmartownship-pa.gov/1435/Municipal-Lien-Letter-Request https://ecode360.com/31832291 https://localwebdesigncompany.com/pennsylvanialandtitles/wp-content/uploads/sites/224/2024/03/Allegheny-County-Dye-Test-Occupancy-Info-Rev.-2024.pdf,confirmed
Harrison Township,Y,"smoke or dye test as condition of sale (Ord. 1870); downspouts, area drains, vent; no CCTV",Y,guide: property inspection for purchases and refinances; official affidavit requires compliance document only where a code notice is pending,unknown,https://harrisontwp.com/wp-content/uploads/2026/02/Smoke-or-Dye-Test-Application.pdf https://harrisontwp.com/wp-content/uploads/2015/09/Harrison-Township-Property-Transfer-Affidavit.pdf https://localwebdesigncompany.com/pennsylvanialandtitles/wp-content/uploads/sites/224/2024/03/Allegheny-County-Dye-Test-Occupancy-Info-Rev.-2024.pdf,partial
Haysville Borough,N,guide: not required; official site has no content,N,guide: not required,N,https://www.haysvilleborough.org/ https://localwebdesigncompany.com/pennsylvanialandtitles/wp-content/uploads/sites/224/2024/03/Allegheny-County-Dye-Test-Occupancy-Info-Rev.-2024.pdf,likely
Heidelberg Borough,Y,dye test certification for all transfers by borough-registered plumber; no CCTV,Y,occupancy application before closing with inspection,Y,https://heidelbergborough.org/dye-testing-procedures/ https://heidelbergborough.org/wp-content/uploads/2019/02/Occupancy-Permit.pdf https://localwebdesigncompany.com/pennsylvanialandtitles/wp-content/uploads/sites/224/2024/03/Allegheny-County-Dye-Test-Occupancy-Info-Rev.-2024.pdf,confirmed
Homestead Borough,Y,dye test by registered master plumber; unlawful to sell without certificate of compliance; prior test within 5 yrs can be recertified,Y,transfer of title triggers inspection and certificate of occupancy; zoning certification letter also,Y,https://homesteadborough.com/wp-content/uploads/2025/12/Closing-requirements-for-property-sales.pdf https://homesteadborough.com/government/administration/code-enforcement/ https://ecode360.com/35881786 https://localwebdesigncompany.com/pennsylvanialandtitles/wp-content/uploads/sites/224/2024/03/Allegheny-County-Dye-Test-Occupancy-Info-Rev.-2024.pdf,confirmed
Indiana Township,Y,dye test for all public-sewer properties; Deer Creek Drainage Basin Authority staff test as part of lien letter; township-sewered areas need plumber certification; guide: Deer Creek also on refinances,N,"official: occupancy permits for new construction only, not for sales or refinance",N,https://indianatownship.com/lien-letter-requests/ https://www.deercreekauthority.com/liennolien-letter https://localwebdesigncompany.com/pennsylvanialandtitles/wp-content/uploads/sites/224/2024/03/Allegheny-County-Dye-Test-Occupancy-Info-Rev.-2024.pdf,confirmed
Ingram Borough,Y,conditional: guide says only some streets; official sanitary sewer certification form (no CCTV),Y,"guide: not for single-family, required for all other properties",Y,https://ingramborough.org/forms-permits/ https://ingramborough.org/wp-content/uploads/2023/10/sanitary_sewer_certification_0-2-1.pdf https://ingramborough.org/wp-content/uploads/2023/10/occupancy_permit-1-1.pdf https://localwebdesigncompany.com/pennsylvanialandtitles/wp-content/uploads/sites/224/2024/03/Allegheny-County-Dye-Test-Occupancy-Info-Rev.-2024.pdf,likely
Jefferson Hills Borough,Y,evidence of compliance dye test (Ord. 685) by licensed plumber; apply 14+ days before sale; no CCTV,N,occupancy permit before change in occupancy by sale or lease; form shows no inspection,Y,https://boroughofjeffersonhills.org/DocumentCenter/View/166/Dye-Test-Evidence-of-Compliance-PDF https://www.boroughofjeffersonhills.org/DocumentCenter/View/168/Residential-Occupancy-Buyers-Only-PDF https://ecode360.com/27076051 https://localwebdesigncompany.com/pennsylvanialandtitles/wp-content/uploads/sites/224/2024/03/Allegheny-County-Dye-Test-Occupancy-Info-Rev.-2024.pdf,confirmed
Kennedy Township,Y,conditional: guide says dye test may be needed; township updated dye test process effective 2026-05-01 (page not readable),N,guide: occupancy only for new construction and commercial,N,https://www.kennedytwp.com/administration/page/updated-dye-test-process-fees https://localwebdesigncompany.com/pennsylvanialandtitles/wp-content/uploads/sites/224/2024/03/Allegheny-County-Dye-Test-Occupancy-Info-Rev.-2024.pdf,likely
Kilbuck Township,Y,dye or smoke test AND televised CCTV inspection of private lateral before sale or transfer of improved property (code Art. VI); video to township,unknown,guide says occupancy cert required; no official source found,unknown,https://ecode360.com/11185913 https://www.kilbucktownship.org/s/DyeTestFormFillable.pdf https://www.kilbucktownship.org/s/LateralInspectionFormFillable.pdf https://localwebdesigncompany.com/pennsylvanialandtitles/wp-content/uploads/sites/224/2024/03/Allegheny-County-Dye-Test-Occupancy-Info-Rev.-2024.pdf,partial
Leet Township,N,guide: not required,Y,guide: occupancy cert with inspection on sale; official site confirms rental inspections only,unknown,https://leettownship.org/building-inspector/ https://localwebdesigncompany.com/pennsylvanialandtitles/wp-content/uploads/sites/224/2024/03/Allegheny-County-Dye-Test-Occupancy-Info-Rev.-2024.pdf,likely
Leetsdale Borough,N,guide: not required,Y,guide: occupancy inspection on sale; official application exists (not readable),Y,https://www.leetsdaleboro.net/media/211 https://ecode360.com/11198672 https://localwebdesigncompany.com/pennsylvanialandtitles/wp-content/uploads/sites/224/2024/03/Allegheny-County-Dye-Test-Occupancy-Info-Rev.-2024.pdf,likely
Liberty Borough,Y,guide only: dye test on sale by registered plumber; official links dead,N,"guide: zoning certificate on sale (paperwork, no inspection listed)",Y,https://localwebdesigncompany.com/pennsylvanialandtitles/wp-content/uploads/sites/224/2024/03/Allegheny-County-Dye-Test-Occupancy-Info-Rev.-2024.pdf,likely
Lincoln Borough,Y,guide only: dye test on sale by owner's plumber coordinated with borough,Y,official certificate of occupancy application with buyer/tenant fields and inspection; no occupancy before issuance,Y,https://lincolnborough.com/uploads/3/4/2/1/34216127/20190607_122522_363b19610031.pdf https://localwebdesigncompany.com/pennsylvanialandtitles/wp-content/uploads/sites/224/2024/03/Allegheny-County-Dye-Test-Occupancy-Info-Rev.-2024.pdf,likely
Marshall Township,Y,official: dye test for any point-of-sale transaction on public sewer; McCandless-sewered homes use MTSA process; no CCTV mentioned,N,official occupancy form found is for new construction only,unknown,https://www.twp.marshall.pa.us/170/Dye-Testing https://www.twp.marshall.pa.us/DocumentCenter/View/3830/RESIDENTIAL-OCCUPANCY-REQUEST-FORM https://localwebdesigncompany.com/pennsylvanialandtitles/wp-content/uploads/sites/224/2024/03/Allegheny-County-Dye-Test-Occupancy-Info-Rev.-2024.pdf,partial
McCandless Town,Y,dye test by McCandless Twp Sanitary Authority or its designated licensed plumber; apply 14+ days before sale/transfer; no CCTV mentioned,N,guide: occupancy cert only for new construction or extensive renovations,N,https://ecode360.com/35347609 https://www.mtsaonline.org/dye-testing https://localwebdesigncompany.com/pennsylvanialandtitles/wp-content/uploads/sites/224/2024/03/Allegheny-County-Dye-Test-Occupancy-Info-Rev.-2024.pdf,partial
McDonald Borough,Y,dye test on any dwelling changing ownership (McDonald Sewage Authority); not for refinance or new never-occupied homes; valid 1 yr,N,guide: occupancy inspection on commercial sales only,N,https://www.mcdonaldsewage.com/dye-test-information https://ecode360.com/13807168 https://localwebdesigncompany.com/pennsylvanialandtitles/wp-content/uploads/sites/224/2024/03/Allegheny-County-Dye-Test-Occupancy-Info-Rev.-2024.pdf,partial
McKeesport City,N,guide: dye test not required; no official source found,Y,occupancy permit and inspection required at every sale (residential and commercial); schedule 2+ weeks before closing,Y,https://www.mckeesport-pa.gov/150/Building-Inspector https://localwebdesigncompany.com/pennsylvanialandtitles/wp-content/uploads/sites/224/2024/03/Allegheny-County-Dye-Test-Occupancy-Info-Rev.-2024.pdf,partial
McKees Rocks Borough,Y,guide: dye test on sale by owner's plumber witnessed by borough,Y,guide: occupancy inspection on sale; borough forms exist but do not state sale trigger,Y,https://mckeesrockspa.us/borough/applications-permits-and-forms https://localwebdesigncompany.com/pennsylvanialandtitles/wp-content/uploads/sites/224/2024/03/Allegheny-County-Dye-Test-Occupancy-Info-Rev.-2024.pdf,likely
Millvale Borough,Y,dye test by ACHD-registered plumber before sale or conveyance; apply 14 days before; no CCTV,Y,ordinance: upon sale of any property an inspection shall take place; rentals inspected every 3 yrs,Y,https://ecode360.com/27445608 https://ecode360.com/27451910 https://localwebdesigncompany.com/pennsylvanialandtitles/wp-content/uploads/sites/224/2024/03/Allegheny-County-Dye-Test-Occupancy-Info-Rev.-2024.pdf,confirmed
Monroeville Municipality,Y,"lateral certification by Monroeville Municipal Authority (Res. 384): may include dye, smoke, air or hydrostatic test and televising (CCTV) of lateral; apply 30 days before sale; pass valid 3 yrs",Y,residential occupancy permit with inspection before transfer of 1-2 family dwellings and on change of occupancy,Y,https://www.monroevillewater.org/sites/default/files/pages/lateral_testing_resolution_384.pdf https://www.monroevillewater.org/selling-your-monroeville-home https://www.monroeville.pa.us/159/Building-Engineering https://localwebdesigncompany.com/pennsylvanialandtitles/wp-content/uploads/sites/224/2024/03/Allegheny-County-Dye-Test-Occupancy-Info-Rev.-2024.pdf,confirmed
Moon Township,Y,dye test by Moon Twp Municipal Authority for sale; valid 2 yrs; new construction exempt on first sale within 2 yrs; no CCTV mentioned,N,guide: occupancy inspection not required,N,https://moontma.com/dye-test-lien-letter-request/ https://ecode360.com/31362519 https://localwebdesigncompany.com/pennsylvanialandtitles/wp-content/uploads/sites/224/2024/03/Allegheny-County-Dye-Test-Occupancy-Info-Rev.-2024.pdf,partial
Mount Lebanon Municipality,Y,"dye test by county-registered plumber (downspouts, drains, sumps); evidence of compliance for any sale or conveyance; valid 3 yrs; refinance without conveyance exempt; no CCTV",N,guide: occupancy inspection not required,N,https://ecode360.com/42257512 https://www.mtlebanon.org/residents/public-works/dye-testing/ https://localwebdesigncompany.com/pennsylvanialandtitles/wp-content/uploads/sites/224/2024/03/Allegheny-County-Dye-Test-Occupancy-Info-Rev.-2024.pdf,partial
Mount Oliver Borough,Y,evidence of compliance before sale or conveyance; dye test by licensed plumber; no CCTV,Y,guide: occupancy inspection on sale; rentals need separate annual license,Y,https://ecode360.com/8418750 https://mtoliver.com/wp-content/uploads/2019/11/Application-for-Occupancy-Permit.pdf https://localwebdesigncompany.com/pennsylvanialandtitles/wp-content/uploads/sites/224/2024/03/Allegheny-County-Dye-Test-Occupancy-Info-Rev.-2024.pdf,partial
Munhall Borough,Y,point-of-sale dye test certification by Munhall sanitary sewer authority for all transfers; not refinances; valid 1 yr; camera tests permitted but not required; combined-sewer north end certification without physical test,Y,"occupancy inspection when buying, selling or renting",Y,https://www.mssma.us/dye-test-lien-letter https://ecode360.com/16184385 https://www.munhallpa.us/p/code-enforcement https://ecode360.com/16188465 https://localwebdesigncompany.com/pennsylvanialandtitles/wp-content/uploads/sites/224/2024/03/Allegheny-County-Dye-Test-Occupancy-Info-Rev.-2024.pdf,confirmed
Neville Township,Y,dye test before sale or transfer by licensed plumber witnessed by township,Y,"occupancy inspection and permit each time ownership changes, before closing",Y,https://nevilletownship.us/code-enforcement/ https://ecode360.com/37117627 https://localwebdesigncompany.com/pennsylvanialandtitles/wp-content/uploads/sites/224/2024/03/Allegheny-County-Dye-Test-Occupancy-Info-Rev.-2024.pdf,confirmed
North Braddock Borough,Y,guide: dye test by licensed plumber; borough posts compliance form,Y,all property sold must get occupancy permit and inspection; transfer cannot be finalized without it,Y,https://northbraddockborough.com/departments/building-code-zoning-enforcement/ https://northbraddockborough.com/documents/nbb-dye-test-certificate-of-compliance/ https://localwebdesigncompany.com/pennsylvanialandtitles/wp-content/uploads/sites/224/2024/03/Allegheny-County-Dye-Test-Occupancy-Info-Rev.-2024.pdf,partial
North Fayette Township,Y,dye test plus CCTV video inspection of private lateral for any sale or transfer of property with a structure (Ord. 359),N,guide: occupancy cert not required,N,https://north-fayette.com/222/Liens-Dye-Testing https://ecode360.com/31178111 https://localwebdesigncompany.com/pennsylvanialandtitles/wp-content/uploads/sites/224/2024/03/Allegheny-County-Dye-Test-Occupancy-Info-Rev.-2024.pdf,partial
North Versailles Township,Y,dye test by sanitary authority or registered plumber with authority present,Y,residential occupancy permit and inspection required to sell; zoning certificate on ownership changes,Y,https://nvtpa.com/faq/ https://ecode360.com/16255617 https://localwebdesigncompany.com/pennsylvanialandtitles/wp-content/uploads/sites/224/2024/03/Allegheny-County-Dye-Test-Occupancy-Info-Rev.-2024.pdf,confirmed
Oakdale Borough,Y,dye test by licensed plumber before sale or transfer of any improved property,N,guide: occupancy not required; code requires occupancy permit before a unit is occupied (sale applicability unclear),unknown,https://ecode360.com/33830275 https://ecode360.com/33951711 https://localwebdesigncompany.com/pennsylvanialandtitles/wp-content/uploads/sites/224/2024/03/Allegheny-County-Dye-Test-Occupancy-Info-Rev.-2024.pdf,partial
Oakmont Borough,N,official: borough does not require a dye test,N,official: no inspection; notarized certificate of ownership and use forms by buyer and seller,N,https://oakmontborough.com/request-a-lien-letter/ https://localwebdesigncompany.com/pennsylvanialandtitles/wp-content/uploads/sites/224/2024/03/Allegheny-County-Dye-Test-Occupancy-Info-Rev.-2024.pdf,confirmed
O'Hara Township,Y,sanitary sewer certificate before sale or transfer; dye test by licensed plumber witnessed by township (Ord. 1299); apply 30 days ahead; 180 days to correct defects,N,guide: no sale inspection; rentals must register and be inspected,N,https://ecode360.com/31467593 https://www.ohara.pa.us/sites/g/files/vyhlif6181/f/uploads/1299.pdf https://localwebdesigncompany.com/pennsylvanialandtitles/wp-content/uploads/sites/224/2024/03/Allegheny-County-Dye-Test-Occupancy-Info-Rev.-2024.pdf,partial
Ohio Township,Y,guide: dye test on sale by owner's plumber; township Ord. 262 Dye Test Regulations (not read),N,guide: occupancy inspection not required,N,https://www.ohiotwp.org/?SEC=C8E8040F-F0CA-4734-81F7-3976646677E1 https://localwebdesigncompany.com/pennsylvanialandtitles/wp-content/uploads/sites/224/2024/03/Allegheny-County-Dye-Test-Occupancy-Info-Rev.-2024.pdf,likely
Penn Hills Municipality,Y,dye test by plumber; form filed with code enforcement,Y,certificate of occupancy use and compliance with inspection for any sale or deed transfer and each tenant change,Y,https://pennhillspa.gov/wp-content/uploads/2025/07/OP-and-Dye-Test-Filing-Instructions.pdf https://pennhillspa.gov/wp-content/uploads/2024/08/Dye-Test-Form-2024.pdf https://localwebdesigncompany.com/pennsylvanialandtitles/wp-content/uploads/sites/224/2024/03/Allegheny-County-Dye-Test-Occupancy-Info-Rev.-2024.pdf,confirmed
Pennsbury Village,N,guide: dye test not required,N,guide: occupancy inspection not required; condo HOA resale certificate needed,N,https://pennsburyvillageboro.com/services/ https://localwebdesigncompany.com/pennsylvanialandtitles/wp-content/uploads/sites/224/2024/03/Allegheny-County-Dye-Test-Occupancy-Info-Rev.-2024.pdf,likely
Pine Township,Y,conditional: only homes served by Marshall Twp Municipal Sanitary Authority; apply 14 days before closing,N,guide: occupancy inspection not required,N,https://ecode360.com/31890896 https://twp.marshall.pa.us/DocumentCenter/View/601/Pine-Township-Dye-Test-Process-01-03-2017-PDF https://localwebdesigncompany.com/pennsylvanialandtitles/wp-content/uploads/sites/224/2024/03/Allegheny-County-Dye-Test-Occupancy-Info-Rev.-2024.pdf,partial
Pitcairn Borough,N,guide: dye test not required,Y,occupancy inspection before change of tenant and/or ownership,Y,https://pitcairnborough.us/index.php/forms/occupancy-permit-forms https://pitcairnborough.us/images/pdf/permits/Residental%20Occupancy%20Permit%20Requirements%20for%20Pitcairn%20Borough%2010-10-2018.pdf https://localwebdesigncompany.com/pennsylvanialandtitles/wp-content/uploads/sites/224/2024/03/Allegheny-County-Dye-Test-Occupancy-Info-Rev.-2024.pdf,likely
Pittsburgh City,Y,conditional: PWSA dye test before sale only in separate sanitary sewer areas (Evidence of Compliance application decides); valid 3 yrs; no CCTV,N,no resale occupancy inspection; City Property Certification (zoning/historic/violations paperwork) required at every sale or refinance closing,N,https://www.pgh2o.com/residential-commercial-customers/buying-or-selling-property/dye-testing https://www.pittsburghpa.gov/Business-Development/City-Planning/Zoning/Planning-Applications-and-Processes/Property-Certification https://localwebdesigncompany.com/pennsylvanialandtitles/wp-content/uploads/sites/224/2024/03/Allegheny-County-Dye-Test-Occupancy-Info-Rev.-2024.pdf,confirmed
Pleasant Hills Borough,Y,"ordinance: dye test AND video camera inspection of private lateral on sale, conveyance or transfer; evidence of compliance 14 days before closing",unknown,guide: buyer form required; no inspection described,unknown,https://ecode360.com/10784607 https://www.pleasanthillspa.com/lien-letter-and-dye-test https://www.pleasanthillspa.com/general-boro-information https://localwebdesigncompany.com/pennsylvanialandtitles/wp-content/uploads/sites/224/2024/03/Allegheny-County-Dye-Test-Occupancy-Info-Rev.-2024.pdf,partial
Plum Borough,Y,guide: dye test by Plum Borough Municipal Authority,Y,residential occupancy permit and inspection any time occupancy changes,Y,https://www.plumboro.com/building-inspection/faq/i%E2%80%99m-selling-home-plum-what-do-i-need-do https://www.plumboroughma.com/sites/g/files/vyhlif1081/f/uploads/application_for_dye_test_escrow_agreement.pdf https://localwebdesigncompany.com/pennsylvanialandtitles/wp-content/uploads/sites/224/2024/03/Allegheny-County-Dye-Test-Occupancy-Info-Rev.-2024.pdf,partial
Port Vue Borough,Y,dye test run by Pennsylvania American Water,Y,occupancy inspection and permit required to sell,Y,https://portvue.org/requirement-for-selling-a-home-in-port-vue/ https://portvue.org/wp-content/uploads/2020/07/dye-test-app.pdf https://localwebdesigncompany.com/pennsylvanialandtitles/wp-content/uploads/sites/224/2024/03/Allegheny-County-Dye-Test-Occupancy-Info-Rev.-2024.pdf,confirmed
Rankin Borough,N,guide: dye tests no longer required as of May 2021 (not confirmed officially),Y,all property sold must get occupancy permit and inspection before transfer,Y,https://rankinborough.com/departments https://ecode360.com/31612863 https://localwebdesigncompany.com/pennsylvanialandtitles/wp-content/uploads/sites/224/2024/03/Allegheny-County-Dye-Test-Occupancy-Info-Rev.-2024.pdf,partial
Reserve Township,Y,dye test by certified plumber; form to township,Y,occupancy inspection required to sell,Y,https://reservetwp.com/are-you-selling-your-home/ https://localwebdesigncompany.com/pennsylvanialandtitles/wp-content/uploads/sites/224/2024/03/Allegheny-County-Dye-Test-Occupancy-Info-Rev.-2024.pdf,confirmed
Richland Township,Y,"dye test for sale AND mortgage or refinance; licensed plumber; covers downspouts, drains, vents, sumps",unknown,nothing found,unknown,https://ecode360.com/27292643 https://richland.pa.us/184/Public-Sewer-Water https://richland.pa.us/DocumentCenter/View/163/Dye-Test-Procedures-Sale-PDF https://localwebdesigncompany.com/pennsylvanialandtitles/wp-content/uploads/sites/224/2024/03/Allegheny-County-Dye-Test-Occupancy-Info-Rev.-2024.pdf,partial
Robinson Township,Y,dye test for property transfers by Municipal Authority of Robinson Township,N,"zoning certification letter for transfer (paperwork, no inspection)",N,https://www.townshipofrobinson.com/building-planning-department/ https://www.robinsonwater.com/faq https://localwebdesigncompany.com/pennsylvanialandtitles/wp-content/uploads/sites/224/2024/03/Allegheny-County-Dye-Test-Occupancy-Info-Rev.-2024.pdf,confirmed
Ross Township,Y,dye test for all residential and commercial sales; valid 1 yr; not refinance,N,official: no occupancy inspection for sale,N,https://www.ross.pa.us/DocumentCenter/View/125/Dye-Test-Certification---Submittal-Procedure- https://ecode360.com/30842451 https://localwebdesigncompany.com/pennsylvanialandtitles/wp-content/uploads/sites/224/2024/03/Allegheny-County-Dye-Test-Occupancy-Info-Rev.-2024.pdf,confirmed
Rosslyn Farms Borough,Y,dye test plus sewer lateral CCTV inspection on sale (form rev 02-2025); submit 45 days before closing,N,guide: occupancy/zoning cert not required,N,https://rosslynfarmspa.gov/document/dye-test-and-sewer-lateral-inspection/ https://localwebdesigncompany.com/pennsylvanialandtitles/wp-content/uploads/sites/224/2024/03/Allegheny-County-Dye-Test-Occupancy-Info-Rev.-2024.pdf,partial
Scott Township,Y,"dye test before sale, transfer, mortgaging or refinancing (Ord. 1427-97); valid 2 yrs; apartments and condos exempt; no CCTV",N,guide: occupancy/zoning cert not required,N,https://scott-twp.com/dye-testing/ https://localwebdesigncompany.com/pennsylvanialandtitles/wp-content/uploads/sites/224/2024/03/Allegheny-County-Dye-Test-Occupancy-Info-Rev.-2024.pdf,partial
Sewickley Borough,Y,dye test certified by licensed plumber on borough form; sale trigger per guide; no CCTV,N,guide: occupancy not required; official occupancy permit for new businesses only,N,https://www.sewickleyborough.org/DocumentCenter/View/2392/Dye-Test-Form https://www.sewickleyborough.org/160/Building-Zoning https://localwebdesigncompany.com/pennsylvanialandtitles/wp-content/uploads/sites/224/2024/03/Allegheny-County-Dye-Test-Occupancy-Info-Rev.-2024.pdf,likely
Sewickley Heights Borough,Y,guide only: dye test by licensed plumber (also septic); not refinance,N,guide: occupancy only for new construction,N,https://localwebdesigncompany.com/pennsylvanialandtitles/wp-content/uploads/sites/224/2024/03/Allegheny-County-Dye-Test-Occupancy-Info-Rev.-2024.pdf,likely
Sewickley Hills Borough,Y,smoke and dye test via Ohio Twp Sanitary Authority listed under sale of real estate or refinance; no CCTV,N,guide: occupancy only for new construction,N,https://www.sewickleyhills.com/borough-fees-permits/ https://localwebdesigncompany.com/pennsylvanialandtitles/wp-content/uploads/sites/224/2024/03/Allegheny-County-Dye-Test-Occupancy-Info-Rev.-2024.pdf,partial
Shaler Township,Y,dye test by plumber (downspouts); apply 14+ days before sale; valid 3 yrs; plus backflow preventer certification from Hampton Shaler Water Authority; no CCTV,N,official: occupancy permit not required for sale or refinance; zoning compliance letter (no inspection) for sales,N,https://www.shaler.org/201/Selling-Your-Home https://ecode360.com/9195284 https://localwebdesigncompany.com/pennsylvanialandtitles/wp-content/uploads/sites/224/2024/03/Allegheny-County-Dye-Test-Occupancy-Info-Rev.-2024.pdf,confirmed
Sharpsburg Borough,N,guide: not required; no official source,Y,code: building inspector or zoning officer inspects all properties before title transfer; buyer may sign letter of intent to remedy,Y,https://ecode360.com/32285191 https://sharpsburgborough.com/forms-permits/ https://localwebdesigncompany.com/pennsylvanialandtitles/wp-content/uploads/sites/224/2024/03/Allegheny-County-Dye-Test-Occupancy-Info-Rev.-2024.pdf,partial
South Fayette Township,Y,combined dye test and CCTV lateral inspection by municipal authority; valid 3 yrs; apply 14+ days before sale,N,residential sale requires occupancy registration only (no inspection; not refinance),Y,https://www.southfayettepa.com/454/Occupancy-Registration https://southfayettepa.com/Faq.aspx?QID=122 https://ecode360.com/11613398 https://localwebdesigncompany.com/pennsylvanialandtitles/wp-content/uploads/sites/224/2024/03/Allegheny-County-Dye-Test-Occupancy-Info-Rev.-2024.pdf,confirmed
South Park Township,Y,code certification prior to sale: dye test by licensed plumber witnessed by township; no CCTV,N,guide: occupancy only for new construction,N,https://ecode360.com/33552376 https://localwebdesigncompany.com/pennsylvanialandtitles/wp-content/uploads/sites/224/2024/03/Allegheny-County-Dye-Test-Occupancy-Info-Rev.-2024.pdf,partial
South Versailles Township,Y,guide only: dye test by registered plumber,unknown,guide: occupancy/zoning may be required,unknown,https://localwebdesigncompany.com/pennsylvanialandtitles/wp-content/uploads/sites/224/2024/03/Allegheny-County-Dye-Test-Occupancy-Info-Rev.-2024.pdf,likely
Springdale Borough,Y,"code: certification of sanitary sewer status prior to sale; dye test witnessed by borough; sales, bequests and family transfers; no CCTV",Y,occupancy inspection on all property transfers; new permit on change of occupancy incl. sale,Y,https://springdaleborough.wixsite.com/site/departments https://ecode360.com/32843589 https://ecode360.com/32845670 https://localwebdesigncompany.com/pennsylvanialandtitles/wp-content/uploads/sites/224/2024/03/Allegheny-County-Dye-Test-Occupancy-Info-Rev.-2024.pdf,confirmed
Springdale Township,Y,"plumber inspection report (dye/drain check, Ord. 379) typically required for sale or transfer; no CCTV",N,"occupancy registration form (Ord. 257), occupant info only, no inspection",Y,https://springdaletwp.us/forms/ https://springdaletwp.us/wp-content/uploads/2026/04/dye-test-fillable.pdf https://springdaletwp.us/wp-content/uploads/2026/04/occupancy-permit-FILLABLE.pdf https://localwebdesigncompany.com/pennsylvanialandtitles/wp-content/uploads/sites/224/2024/03/Allegheny-County-Dye-Test-Occupancy-Info-Rev.-2024.pdf,confirmed
Stowe Township,N,guide: not required; no official source,Y,conflict: code Ch. 456 requires occupancy permit with inspection on purchase or rental; guide says none,Y,https://ecode360.com/34041787 https://localwebdesigncompany.com/pennsylvanialandtitles/wp-content/uploads/sites/224/2024/03/Allegheny-County-Dye-Test-Occupancy-Info-Rev.-2024.pdf,likely
Swissvale Borough,Y,dye test certificate of compliance required to sell (Ch. 18); excludes same-owner refinance and transfers on death; no CCTV,Y,occupancy permit application with sale type and inspection (Ord. 89-6),Y,https://www.swissvaleborough.com/DocumentCenter/View/88/Chapter-18---Sewers-and-Sewage-Disposal-PDF https://www.swissvaleborough.com/DocumentCenter/View/200/Occupancy-Permit-Application-PDF https://localwebdesigncompany.com/pennsylvanialandtitles/wp-content/uploads/sites/224/2024/03/Allegheny-County-Dye-Test-Occupancy-Info-Rev.-2024.pdf,confirmed
Tarentum Borough,N,guide: not required; no official source,Y,guide: occupancy inspection at sale; official occupancy application exists but sale trigger not stated,Y,https://tarentumboro.com/permitting https://localwebdesigncompany.com/pennsylvanialandtitles/wp-content/uploads/sites/224/2024/03/Allegheny-County-Dye-Test-Occupancy-Info-Rev.-2024.pdf,likely
Thornburg Borough,Y,dye test plus CCTV lateral inspection by licensed plumber (video to borough) prior to sale,N,guide: occupancy inspection not required,N,https://thornburgborough.org/document/dye-test-sewer-lateral-inspection-certificate-application/ https://ecode360.com/35846825 https://localwebdesigncompany.com/pennsylvanialandtitles/wp-content/uploads/sites/224/2024/03/Allegheny-County-Dye-Test-Occupancy-Info-Rev.-2024.pdf,partial
Trafford Borough,Y,code: sewer line older than 3 yrs tested for infiltration/inflow before sale; lateral inspection by borough public works; forms not readable,Y,guide: occupancy inspection; permit valid 180 days,Y,https://ecode360.com/14909429 https://www.traffordborough.com/2022-online-forms/ https://localwebdesigncompany.com/pennsylvanialandtitles/wp-content/uploads/sites/224/2024/03/Allegheny-County-Dye-Test-Occupancy-Info-Rev.-2024.pdf,likely
Turtle Creek Borough,N,guide: not required,Y,"occupancy inspection for transfer of ownership, performed by Turtle Creek Valley COG",Y,https://tcvcog.com/what-we-do/code-enforcement/ https://www.turtlecreekborough.us/images/pdfs/permits/occupancy_permit_for_sale_of_property_2024.pdf https://localwebdesigncompany.com/pennsylvanialandtitles/wp-content/uploads/sites/224/2024/03/Allegheny-County-Dye-Test-Occupancy-Info-Rev.-2024.pdf,confirmed
Upper Saint Clair Township,Y,dye test (Ord. 1787) plus NASSCO-certified CCTV inspection of private lateral before close of sale (since 2018-01-01); repairs before closing; not refinance per guide,N,guide: occupancy inspection not required,N,https://www.twpusc.org/departments/public_works/sanitary_sewers___dye_tests_.php https://localwebdesigncompany.com/pennsylvanialandtitles/wp-content/uploads/sites/224/2024/03/Allegheny-County-Dye-Test-Occupancy-Info-Rev.-2024.pdf,partial
Verona Borough,Y,dye test by licensed plumber before lien letter release at sale (Ch. 186); no CCTV,Y,compliance certificate inspection of each unit sold,Y,https://veronaborough.org/how-do-i/ https://ecode360.com/15700872 https://localwebdesigncompany.com/pennsylvanialandtitles/wp-content/uploads/sites/224/2024/03/Allegheny-County-Dye-Test-Occupancy-Info-Rev.-2024.pdf,confirmed
Versailles Borough,Y,guide only: dye test on purchases and refinances,Y,guide only: certificate of occupancy required,Y,https://localwebdesigncompany.com/pennsylvanialandtitles/wp-content/uploads/sites/224/2024/03/Allegheny-County-Dye-Test-Occupancy-Info-Rev.-2024.pdf,likely
Wall Borough,Y,dye test certificate plus engineering review of private laterals (method not stated) in sale closing packet,Y,occupancy permit with temporary permit for closing and reinspection,Y,https://www.wallborough.com/s/CLOSING-PACKET-PERMITS-FEES.docx https://www.wallborough.com/forms-applications https://localwebdesigncompany.com/pennsylvanialandtitles/wp-content/uploads/sites/224/2024/03/Allegheny-County-Dye-Test-Occupancy-Info-Rev.-2024.pdf,confirmed
West Deer Township,Y,Deer Creek Drainage Basin Authority dye test on all sales and refinances (Ord. 364); no CCTV,Y,guide: occupancy inspection is drive-by only,Y,https://www.deercreekauthority.com/dye-testing https://localwebdesigncompany.com/pennsylvanialandtitles/wp-content/uploads/sites/224/2024/03/Allegheny-County-Dye-Test-Occupancy-Info-Rev.-2024.pdf,partial
West Elizabeth Borough,N,guide: not required,unknown,guide: occupancy certificate fee only; inspection not described,Y,https://localwebdesigncompany.com/pennsylvanialandtitles/wp-content/uploads/sites/224/2024/03/Allegheny-County-Dye-Test-Occupancy-Info-Rev.-2024.pdf,likely
West Homestead Borough,Y,dye test as condition of sale with borough rep present plus CCTV lateral test (Ord. 721); refinance needs lien letter only,Y,residential occupancy inspection at purchase,Y,https://westhomesteadpa.com/lien-letters/ https://westhomesteadpa.com/wp-content/uploads/Ordinance-No.-721.pdf https://localwebdesigncompany.com/pennsylvanialandtitles/wp-content/uploads/sites/224/2024/03/Allegheny-County-Dye-Test-Occupancy-Info-Rev.-2024.pdf,confirmed
West Mifflin Borough,Y,evidence of compliance for real estate sales: dye test by plumber or sanitary authority; no CCTV,Y,residential occupancy permit and inspection for buying or selling property,Y,https://ecode360.com/15653830 https://wmssma.org/dye-tests https://www.westmifflin.gov/DocumentCenter/View/163/Residential-Occupancy-Permit-Application-and-Inspection-Sheet-Buying-Selling-Property-2022-PDF https://localwebdesigncompany.com/pennsylvanialandtitles/wp-content/uploads/sites/224/2024/03/Allegheny-County-Dye-Test-Occupancy-Info-Rev.-2024.pdf,confirmed
West View Borough,Y,"conditional: dye test only on Hidden Valley Dr, Hidden Valley Cir, Cross Creek Ct and listed Montclair Ave numbers (Ord. 1422)",N,guide: not required; official occupancy form not tied to sale,N,https://www.wvboro.com/DocumentCenter/View/544/Dye-Test-Application https://www.wvboro.com/DocumentCenter/View/539/Occupancy-Permit-Inspection-Application https://localwebdesigncompany.com/pennsylvanialandtitles/wp-content/uploads/sites/224/2024/03/Allegheny-County-Dye-Test-Occupancy-Info-Rev.-2024.pdf,partial
Whitaker Borough,Y,dye test plus private lateral inspection at time of sale; not refinance,Y,guide only: occupancy inspection required,Y,https://ecode360.com/42432599 https://localwebdesigncompany.com/pennsylvanialandtitles/wp-content/uploads/sites/224/2024/03/Allegheny-County-Dye-Test-Occupancy-Info-Rev.-2024.pdf,partial
White Oak Borough,Y,guide only: dye test via Municipal Authority of Westmoreland County,Y,official certificate of occupancy for sale or transfer with inspection and reinspection,Y,http://www.woboro.com/permits.htm http://www.woboro.com/permits/Permits-2024/Occupancy-application-for-sale-or-transfer-residential-and-commercial-01-2024.pdf https://localwebdesigncompany.com/pennsylvanialandtitles/wp-content/uploads/sites/224/2024/03/Allegheny-County-Dye-Test-Occupancy-Info-Rev.-2024.pdf,partial
Whitehall Borough,Y,dye test by registered plumber then evidence of compliance application for closing; no CCTV,N,official: occupancy inspections only for rental registration and commercial,N,https://whitehallboro.gov/permit-applications/ https://whitehallboro.gov/wp-content/uploads/2026/07/finalEVIDENCE-OF-COMPLIANCE-APPLICATION_.pdf https://localwebdesigncompany.com/pennsylvanialandtitles/wp-content/uploads/sites/224/2024/03/Allegheny-County-Dye-Test-Occupancy-Info-Rev.-2024.pdf,confirmed
Wilkins Township,Y,dye test by registered plumber plus private lateral CCTV testing (Ord. 1104) reviewed by NASSCO-certified township staff,Y,residential occupancy inspection for selling residential property,Y,https://wilkinstownship.com/Dye%20Test%20Form.pdf https://wilkinstownship.com/Document%20Center/How%20do%20i/Dye%20Test%20Form%20and%20Sewer%20Lateral%20Inspection%20Form/Private%20Sanitary%20Sewer%20Lateral%20Testing%20Form.pdf https://wilkinstownship.com/Document%20Center/How%20do%20i/Occupancy%20Forms/Application%20for%20Residential%20Occupancy%20Inspection.pdf https://localwebdesigncompany.com/pennsylvanialandtitles/wp-content/uploads/sites/224/2024/03/Allegheny-County-Dye-Test-Occupancy-Info-Rev.-2024.pdf,confirmed
Wilkinsburg Borough,Y,dye test by certified master plumber when selling or refinancing (Ch. 217); no CCTV requirement found (guide lateral form belongs to Wilkins Twp),Y,occupancy permit if buyer occupies at closing or tenants remain; vacant may use notarized buyer letter,Y,https://www.wilkinsburgpa.gov/departments/code-enforcement/ https://www.wilkinsburgpa.gov/wp-content/uploads/2021/09/Dye-Test-Application.pdf https://localwebdesigncompany.com/pennsylvanialandtitles/wp-content/uploads/sites/224/2024/03/Allegheny-County-Dye-Test-Occupancy-Info-Rev.-2024.pdf,confirmed
Wilmerding Borough,N,guide: not required; official sale sheet does not mention dye test,Y,building inspector inspects before sale; temporary occupancy for sale; not refinance,Y,https://www.wilmerdingboro.com/uploads/3/4/5/1/34511812/lien_letter_information_for_sale_of_property.docx https://www.wilmerdingboro.com/borough-forms.html https://localwebdesigncompany.com/pennsylvanialandtitles/wp-content/uploads/sites/224/2024/03/Allegheny-County-Dye-Test-Occupancy-Info-Rev.-2024.pdf,partial
