zone_code,district_name,single_unit_detached,two_unit,three_unit,multi_unit,min_lot_area_sqft,min_lot_area_per_unit_sqft,min_front_setback_ft,min_rear_setback_ft,min_side_setback_ft,max_height_ft,max_height_stories,max_far,max_lot_coverage_pct,parking_per_unit,contextual_front_setback,citation,confidence,notes
R1D-VL,"Single-Unit Detached Residential, Very Low Density",P,N,N,N,6000,,30,30,5,40,3,,,1,Y,§903.03.A.2 site development standards table (current text; history cites Ord. 10-2025); §911.02 Use Table; §914.02.A Parking Schedule A; §925.06.B,confirmed,"The current §903.03 table has one minimum lot size and no per-unit lot area row. The 2024 DCP draft struck the per-unit rows, and the section history cites Ord. 10-2025 (eff. 5-7-2025). Side setback shown is the minimum interior side yard; minimum exterior (street) side yard is 30 ft. VL interior side yard for R1D/R2/R3 is 5 ft on one side and 10 ft on the other. Interior side setback is zero on a party-wall side for attached units (§903.03.A.2). Single-Unit Attached is P/S in R1D: by right on lots 35 ft wide or narrower, special exception on wider lots (§911.04.A.69A). Parking minimum is 1 per unit for single-unit detached/two/three/multi-unit (0 for single-unit attached); a maximum also applies. §914.02.A Schedule A. Contextual side (min 3 ft), rear and height are also allowed (§925.06.C, §925.06.I, §925.07.D). The code sets no FAR or lot coverage in residential districts. Ch. 915/906 overlays can add limits."
R1D-L,"Single-Unit Detached Residential, Low Density",P,N,N,N,3000,,30,30,5,40,3,,,1,Y,§903.03.B.2 site development standards table (current text; history cites Ord. 10-2025); §911.02 Use Table; §914.02.A Parking Schedule A; §925.06.B,confirmed,"The current §903.03 table has one minimum lot size and no per-unit lot area row. The 2024 DCP draft struck the per-unit rows, and the section history cites Ord. 10-2025 (eff. 5-7-2025). Side setback shown is the minimum interior side yard; minimum exterior (street) side yard is 30 ft. Interior side setback is zero on a party-wall side for attached units (§903.03.B.2). Single-Unit Attached is P/S in R1D: by right on lots 35 ft wide or narrower, special exception on wider lots (§911.04.A.69A). Parking minimum is 1 per unit for single-unit detached/two/three/multi-unit (0 for single-unit attached); a maximum also applies. §914.02.A Schedule A. Contextual side (min 3 ft), rear and height are also allowed (§925.06.C, §925.06.I, §925.07.D). The code sets no FAR or lot coverage in residential districts. Ch. 915/906 overlays can add limits."
R1D-M,"Single-Unit Detached Residential, Moderate Density",P,N,N,N,2400,,30,30,5,40,3,,,1,Y,§903.03.C.2 site development standards table (current text; history cites Ord. 10-2025); §911.02 Use Table; §914.02.A Parking Schedule A; §925.06.B,confirmed,"The current §903.03 table has one minimum lot size and no per-unit lot area row. The 2024 DCP draft struck the per-unit rows, and the section history cites Ord. 10-2025 (eff. 5-7-2025). Side setback shown is the minimum interior side yard; minimum exterior (street) side yard is 30 ft. Interior side setback is zero on a party-wall side for attached units (§903.03.C.2). Single-Unit Attached is P/S in R1D: by right on lots 35 ft wide or narrower, special exception on wider lots (§911.04.A.69A). Parking minimum is 1 per unit for single-unit detached/two/three/multi-unit (0 for single-unit attached); a maximum also applies. §914.02.A Schedule A. Contextual side (min 3 ft), rear and height are also allowed (§925.06.C, §925.06.I, §925.07.D). The code sets no FAR or lot coverage in residential districts. Ch. 915/906 overlays can add limits."
R1D-H,"Single-Unit Detached Residential, High Density",P,N,N,N,1200,,15,15,5,40,3,,,1,Y,§903.03.D.2 site development standards table (current text; history cites Ord. 10-2025); §911.02 Use Table; §914.02.A Parking Schedule A; §925.06.B,confirmed,"The current §903.03 table has one minimum lot size and no per-unit lot area row. The 2024 DCP draft struck the per-unit rows, and the section history cites Ord. 10-2025 (eff. 5-7-2025). Side setback shown is the minimum interior side yard; minimum exterior (street) side yard is 15 ft. Interior side setback is zero on a party-wall side for attached units (§903.03.D.2). Single-Unit Attached is P/S in R1D: by right on lots 35 ft wide or narrower, special exception on wider lots (§911.04.A.69A). Ch. 916 Residential Compatibility Standards can add height/setback limits near residential/H districts. Parking minimum is 1 per unit for single-unit detached/two/three/multi-unit (0 for single-unit attached); a maximum also applies. §914.02.A Schedule A. Contextual side (min 3 ft), rear and height are also allowed (§925.06.C, §925.06.I, §925.07.D). The code sets no FAR or lot coverage in residential districts. Ch. 915/906 overlays can add limits."
R1D-VH,"Single-Unit Detached Residential, Very High Density",P,N,N,N,,,5,15,5,40,3,,,1,Y,§903.03.E.2 site development standards table (current text; history cites Ord. 10-2025); §911.02 Use Table; §914.02.A Parking Schedule A; §925.06.B,confirmed,"No minimum lot size row in the VH table. The current §903.03 table has one minimum lot size and no per-unit lot area row. The 2024 DCP draft struck the per-unit rows, and the section history cites Ord. 10-2025 (eff. 5-7-2025). Side setback shown is the minimum interior side yard; minimum exterior (street) side yard is 5 ft. Interior side setback is zero on a party-wall side for attached units (§903.03.E.2). Single-Unit Attached is P/S in R1D: by right on lots 35 ft wide or narrower, special exception on wider lots (§911.04.A.69A). Ch. 916 Residential Compatibility Standards can add height/setback limits near residential/H districts. Parking minimum is 1 per unit for single-unit detached/two/three/multi-unit (0 for single-unit attached); a maximum also applies. §914.02.A Schedule A. Contextual side (min 3 ft), rear and height are also allowed (§925.06.C, §925.06.I, §925.07.D). The code sets no FAR or lot coverage in residential districts. Ch. 915/906 overlays can add limits."
R1A-VL,"Single-Unit Attached Residential, Very Low Density",P,N,N,N,6000,,30,30,5,40,3,,,1,Y,§903.03.A.2 site development standards table (current text; history cites Ord. 10-2025); §911.02 Use Table; §914.02.A Parking Schedule A; §925.06.B,confirmed,"The current §903.03 table has one minimum lot size and no per-unit lot area row. The 2024 DCP draft struck the per-unit rows, and the section history cites Ord. 10-2025 (eff. 5-7-2025). Side setback shown is the minimum interior side yard; minimum exterior (street) side yard is 30 ft. Interior side setback is zero on a party-wall side for attached units (§903.03.A.2). Single-Unit Attached Residential is P. Parking minimum is 1 per unit for single-unit detached/two/three/multi-unit (0 for single-unit attached); a maximum also applies. §914.02.A Schedule A. Contextual side (min 3 ft), rear and height are also allowed (§925.06.C, §925.06.I, §925.07.D). The code sets no FAR or lot coverage in residential districts. Ch. 915/906 overlays can add limits."
R1A-L,"Single-Unit Attached Residential, Low Density",P,N,N,N,3000,,30,30,5,40,3,,,1,Y,§903.03.B.2 site development standards table (current text; history cites Ord. 10-2025); §911.02 Use Table; §914.02.A Parking Schedule A; §925.06.B,confirmed,"The current §903.03 table has one minimum lot size and no per-unit lot area row. The 2024 DCP draft struck the per-unit rows, and the section history cites Ord. 10-2025 (eff. 5-7-2025). Side setback shown is the minimum interior side yard; minimum exterior (street) side yard is 30 ft. Interior side setback is zero on a party-wall side for attached units (§903.03.B.2). Single-Unit Attached Residential is P. Parking minimum is 1 per unit for single-unit detached/two/three/multi-unit (0 for single-unit attached); a maximum also applies. §914.02.A Schedule A. Contextual side (min 3 ft), rear and height are also allowed (§925.06.C, §925.06.I, §925.07.D). The code sets no FAR or lot coverage in residential districts. Ch. 915/906 overlays can add limits."
R1A-M,"Single-Unit Attached Residential, Moderate Density",P,N,N,N,2400,,30,30,5,40,3,,,1,Y,§903.03.C.2 site development standards table (current text; history cites Ord. 10-2025); §911.02 Use Table; §914.02.A Parking Schedule A; §925.06.B,confirmed,"The current §903.03 table has one minimum lot size and no per-unit lot area row. The 2024 DCP draft struck the per-unit rows, and the section history cites Ord. 10-2025 (eff. 5-7-2025). Side setback shown is the minimum interior side yard; minimum exterior (street) side yard is 30 ft. Interior side setback is zero on a party-wall side for attached units (§903.03.C.2). Single-Unit Attached Residential is P. Parking minimum is 1 per unit for single-unit detached/two/three/multi-unit (0 for single-unit attached); a maximum also applies. §914.02.A Schedule A. Contextual side (min 3 ft), rear and height are also allowed (§925.06.C, §925.06.I, §925.07.D). The code sets no FAR or lot coverage in residential districts. Ch. 915/906 overlays can add limits."
R1A-H,"Single-Unit Attached Residential, High Density",P,N,N,N,1200,,15,15,5,40,3,,,1,Y,§903.03.D.2 site development standards table (current text; history cites Ord. 10-2025); §911.02 Use Table; §914.02.A Parking Schedule A; §925.06.B,confirmed,"The current §903.03 table has one minimum lot size and no per-unit lot area row. The 2024 DCP draft struck the per-unit rows, and the section history cites Ord. 10-2025 (eff. 5-7-2025). Side setback shown is the minimum interior side yard; minimum exterior (street) side yard is 15 ft. Interior side setback is zero on a party-wall side for attached units (§903.03.D.2). Single-Unit Attached Residential is P. Ch. 916 Residential Compatibility Standards can add height/setback limits near residential/H districts. Parking minimum is 1 per unit for single-unit detached/two/three/multi-unit (0 for single-unit attached); a maximum also applies. §914.02.A Schedule A. Contextual side (min 3 ft), rear and height are also allowed (§925.06.C, §925.06.I, §925.07.D). The code sets no FAR or lot coverage in residential districts. Ch. 915/906 overlays can add limits."
R1A-VH,"Single-Unit Attached Residential, Very High Density",P,N,N,N,,,5,15,5,40,3,,,1,Y,§903.03.E.2 site development standards table (current text; history cites Ord. 10-2025); §911.02 Use Table; §914.02.A Parking Schedule A; §925.06.B,confirmed,"No minimum lot size row in the VH table. The current §903.03 table has one minimum lot size and no per-unit lot area row. The 2024 DCP draft struck the per-unit rows, and the section history cites Ord. 10-2025 (eff. 5-7-2025). Side setback shown is the minimum interior side yard; minimum exterior (street) side yard is 5 ft. Interior side setback is zero on a party-wall side for attached units (§903.03.E.2). Single-Unit Attached Residential is P. Ch. 916 Residential Compatibility Standards can add height/setback limits near residential/H districts. Parking minimum is 1 per unit for single-unit detached/two/three/multi-unit (0 for single-unit attached); a maximum also applies. §914.02.A Schedule A. Contextual side (min 3 ft), rear and height are also allowed (§925.06.C, §925.06.I, §925.07.D). The code sets no FAR or lot coverage in residential districts. Ch. 915/906 overlays can add limits."
R2-VL,"Two-Unit Residential, Very Low Density",P,P,N,N,6000,,30,30,5,40,3,,,1,Y,§903.03.A.2 site development standards table (current text; history cites Ord. 10-2025); §911.02 Use Table; §914.02.A Parking Schedule A; §925.06.B,confirmed,"The current §903.03 table has one minimum lot size and no per-unit lot area row. The 2024 DCP draft struck the per-unit rows, and the section history cites Ord. 10-2025 (eff. 5-7-2025). Side setback shown is the minimum interior side yard; minimum exterior (street) side yard is 30 ft. VL interior side yard for R1D/R2/R3 is 5 ft on one side and 10 ft on the other. Interior side setback is zero on a party-wall side for attached units (§903.03.A.2). Single-Unit Attached Residential is P. Parking minimum is 1 per unit for single-unit detached/two/three/multi-unit (0 for single-unit attached); a maximum also applies. §914.02.A Schedule A. Contextual side (min 3 ft), rear and height are also allowed (§925.06.C, §925.06.I, §925.07.D). The code sets no FAR or lot coverage in residential districts. Ch. 915/906 overlays can add limits."
R2-L,"Two-Unit Residential, Low Density",P,P,N,N,3000,,30,30,5,40,3,,,1,Y,§903.03.B.2 site development standards table (current text; history cites Ord. 10-2025); §911.02 Use Table; §914.02.A Parking Schedule A; §925.06.B,confirmed,"The current §903.03 table has one minimum lot size and no per-unit lot area row. The 2024 DCP draft struck the per-unit rows, and the section history cites Ord. 10-2025 (eff. 5-7-2025). Side setback shown is the minimum interior side yard; minimum exterior (street) side yard is 30 ft. Interior side setback is zero on a party-wall side for attached units (§903.03.B.2). Single-Unit Attached Residential is P. Parking minimum is 1 per unit for single-unit detached/two/three/multi-unit (0 for single-unit attached); a maximum also applies. §914.02.A Schedule A. Contextual side (min 3 ft), rear and height are also allowed (§925.06.C, §925.06.I, §925.07.D). The code sets no FAR or lot coverage in residential districts. Ch. 915/906 overlays can add limits."
R2-M,"Two-Unit Residential, Moderate Density",P,P,N,N,2400,,30,30,5,40,3,,,1,Y,§903.03.C.2 site development standards table (current text; history cites Ord. 10-2025); §911.02 Use Table; §914.02.A Parking Schedule A; §925.06.B,confirmed,"The current §903.03 table has one minimum lot size and no per-unit lot area row. The 2024 DCP draft struck the per-unit rows, and the section history cites Ord. 10-2025 (eff. 5-7-2025). Side setback shown is the minimum interior side yard; minimum exterior (street) side yard is 30 ft. Interior side setback is zero on a party-wall side for attached units (§903.03.C.2). Single-Unit Attached Residential is P. Parking minimum is 1 per unit for single-unit detached/two/three/multi-unit (0 for single-unit attached); a maximum also applies. §914.02.A Schedule A. Contextual side (min 3 ft), rear and height are also allowed (§925.06.C, §925.06.I, §925.07.D). The code sets no FAR or lot coverage in residential districts. Ch. 915/906 overlays can add limits."
R2-H,"Two-Unit Residential, High Density",P,P,N,N,1200,,15,15,5,40,3,,,1,Y,§903.03.D.2 site development standards table (current text; history cites Ord. 10-2025); §911.02 Use Table; §914.02.A Parking Schedule A; §925.06.B,confirmed,"The current §903.03 table has one minimum lot size and no per-unit lot area row. The 2024 DCP draft struck the per-unit rows, and the section history cites Ord. 10-2025 (eff. 5-7-2025). Side setback shown is the minimum interior side yard; minimum exterior (street) side yard is 15 ft. Interior side setback is zero on a party-wall side for attached units (§903.03.D.2). Single-Unit Attached Residential is P. Ch. 916 Residential Compatibility Standards can add height/setback limits near residential/H districts. Parking minimum is 1 per unit for single-unit detached/two/three/multi-unit (0 for single-unit attached); a maximum also applies. §914.02.A Schedule A. Contextual side (min 3 ft), rear and height are also allowed (§925.06.C, §925.06.I, §925.07.D). The code sets no FAR or lot coverage in residential districts. Ch. 915/906 overlays can add limits."
R2-VH,"Two-Unit Residential, Very High Density",P,P,N,N,,,5,15,5,40,3,,,1,Y,§903.03.E.2 site development standards table (current text; history cites Ord. 10-2025); §911.02 Use Table; §914.02.A Parking Schedule A; §925.06.B,confirmed,"No minimum lot size row in the VH table. The current §903.03 table has one minimum lot size and no per-unit lot area row. The 2024 DCP draft struck the per-unit rows, and the section history cites Ord. 10-2025 (eff. 5-7-2025). Side setback shown is the minimum interior side yard; minimum exterior (street) side yard is 5 ft. Interior side setback is zero on a party-wall side for attached units (§903.03.E.2). Single-Unit Attached Residential is P. Ch. 916 Residential Compatibility Standards can add height/setback limits near residential/H districts. Parking minimum is 1 per unit for single-unit detached/two/three/multi-unit (0 for single-unit attached); a maximum also applies. §914.02.A Schedule A. Contextual side (min 3 ft), rear and height are also allowed (§925.06.C, §925.06.I, §925.07.D). The code sets no FAR or lot coverage in residential districts. Ch. 915/906 overlays can add limits."
R3-VL,"Three-Unit Residential, Very Low Density",P,P,P,N,6000,,30,30,5,40,3,,,1,Y,§903.03.A.2 site development standards table (current text; history cites Ord. 10-2025); §911.02 Use Table; §914.02.A Parking Schedule A; §925.06.B,confirmed,"The current §903.03 table has one minimum lot size and no per-unit lot area row. The 2024 DCP draft struck the per-unit rows, and the section history cites Ord. 10-2025 (eff. 5-7-2025). Side setback shown is the minimum interior side yard; minimum exterior (street) side yard is 30 ft. VL interior side yard for R1D/R2/R3 is 5 ft on one side and 10 ft on the other. Interior side setback is zero on a party-wall side for attached units (§903.03.A.2). Single-Unit Attached Residential is P. Parking minimum is 1 per unit for single-unit detached/two/three/multi-unit (0 for single-unit attached); a maximum also applies. §914.02.A Schedule A. Contextual side (min 3 ft), rear and height are also allowed (§925.06.C, §925.06.I, §925.07.D). The code sets no FAR or lot coverage in residential districts. Ch. 915/906 overlays can add limits."
R3-L,"Three-Unit Residential, Low Density",P,P,P,N,3000,,30,30,5,40,3,,,1,Y,§903.03.B.2 site development standards table (current text; history cites Ord. 10-2025); §911.02 Use Table; §914.02.A Parking Schedule A; §925.06.B,confirmed,"The current §903.03 table has one minimum lot size and no per-unit lot area row. The 2024 DCP draft struck the per-unit rows, and the section history cites Ord. 10-2025 (eff. 5-7-2025). Side setback shown is the minimum interior side yard; minimum exterior (street) side yard is 30 ft. Interior side setback is zero on a party-wall side for attached units (§903.03.B.2). Single-Unit Attached Residential is P. Parking minimum is 1 per unit for single-unit detached/two/three/multi-unit (0 for single-unit attached); a maximum also applies. §914.02.A Schedule A. Contextual side (min 3 ft), rear and height are also allowed (§925.06.C, §925.06.I, §925.07.D). The code sets no FAR or lot coverage in residential districts. Ch. 915/906 overlays can add limits."
R3-M,"Three-Unit Residential, Moderate Density",P,P,P,N,2400,,30,30,5,40,3,,,1,Y,§903.03.C.2 site development standards table (current text; history cites Ord. 10-2025); §911.02 Use Table; §914.02.A Parking Schedule A; §925.06.B,confirmed,"The current §903.03 table has one minimum lot size and no per-unit lot area row. The 2024 DCP draft struck the per-unit rows, and the section history cites Ord. 10-2025 (eff. 5-7-2025). Side setback shown is the minimum interior side yard; minimum exterior (street) side yard is 30 ft. Interior side setback is zero on a party-wall side for attached units (§903.03.C.2). Single-Unit Attached Residential is P. Parking minimum is 1 per unit for single-unit detached/two/three/multi-unit (0 for single-unit attached); a maximum also applies. §914.02.A Schedule A. Contextual side (min 3 ft), rear and height are also allowed (§925.06.C, §925.06.I, §925.07.D). The code sets no FAR or lot coverage in residential districts. Ch. 915/906 overlays can add limits."
R3-H,"Three-Unit Residential, High Density",P,P,P,N,1200,,15,15,5,40,3,,,1,Y,§903.03.D.2 site development standards table (current text; history cites Ord. 10-2025); §911.02 Use Table; §914.02.A Parking Schedule A; §925.06.B,confirmed,"The current §903.03 table has one minimum lot size and no per-unit lot area row. The 2024 DCP draft struck the per-unit rows, and the section history cites Ord. 10-2025 (eff. 5-7-2025). Side setback shown is the minimum interior side yard; minimum exterior (street) side yard is 15 ft. Interior side setback is zero on a party-wall side for attached units (§903.03.D.2). Single-Unit Attached Residential is P. Ch. 916 Residential Compatibility Standards can add height/setback limits near residential/H districts. Parking minimum is 1 per unit for single-unit detached/two/three/multi-unit (0 for single-unit attached); a maximum also applies. §914.02.A Schedule A. Contextual side (min 3 ft), rear and height are also allowed (§925.06.C, §925.06.I, §925.07.D). The code sets no FAR or lot coverage in residential districts. Ch. 915/906 overlays can add limits."
R3-VH,"Three-Unit Residential, Very High Density",P,P,P,N,,,5,15,5,40,3,,,1,Y,§903.03.E.2 site development standards table (current text; history cites Ord. 10-2025); §911.02 Use Table; §914.02.A Parking Schedule A; §925.06.B,confirmed,"No minimum lot size row in the VH table. The current §903.03 table has one minimum lot size and no per-unit lot area row. The 2024 DCP draft struck the per-unit rows, and the section history cites Ord. 10-2025 (eff. 5-7-2025). Side setback shown is the minimum interior side yard; minimum exterior (street) side yard is 5 ft. Interior side setback is zero on a party-wall side for attached units (§903.03.E.2). Single-Unit Attached Residential is P. Ch. 916 Residential Compatibility Standards can add height/setback limits near residential/H districts. Parking minimum is 1 per unit for single-unit detached/two/three/multi-unit (0 for single-unit attached); a maximum also applies. §914.02.A Schedule A. Contextual side (min 3 ft), rear and height are also allowed (§925.06.C, §925.06.I, §925.07.D). The code sets no FAR or lot coverage in residential districts. Ch. 915/906 overlays can add limits."
RM-VL,"Multi-Unit Residential, Very Low Density",P,P,P,P,6000,,30,30,30,40,3,,,1,Y,§903.03.A.2 site development standards table (current text; history cites Ord. 10-2025); §911.02 Use Table; §914.02.A Parking Schedule A; §925.06.B,confirmed,"The current §903.03 table has one minimum lot size and no per-unit lot area row. The 2024 DCP draft struck the per-unit rows, and the section history cites Ord. 10-2025 (eff. 5-7-2025). Side setback shown is the minimum interior side yard; minimum exterior (street) side yard is 30 ft. Interior side setback is zero on a party-wall side for attached units (§903.03.A.2). Single-Unit Attached Residential is P. New multi-unit buildings of 4+ units need Site Plan Review (§903.02.E.2; §922.04.A.5). Parking minimum is 1 per unit for single-unit detached/two/three/multi-unit (0 for single-unit attached); a maximum also applies. §914.02.A Schedule A. Contextual side (min 3 ft), rear and height are also allowed (§925.06.C, §925.06.I, §925.07.D). The code sets no FAR or lot coverage in residential districts. Ch. 915/906 overlays can add limits."
RM-L,"Multi-Unit Residential, Low Density",P,P,P,P,3000,,25,25,25,40,3,,,1,Y,§903.03.B.2 site development standards table (current text; history cites Ord. 10-2025); §911.02 Use Table; §914.02.A Parking Schedule A; §925.06.B,confirmed,"The current §903.03 table has one minimum lot size and no per-unit lot area row. The 2024 DCP draft struck the per-unit rows, and the section history cites Ord. 10-2025 (eff. 5-7-2025). Side setback shown is the minimum interior side yard; minimum exterior (street) side yard is 30 ft. Interior side setback is zero on a party-wall side for attached units (§903.03.B.2). Single-Unit Attached Residential is P. New multi-unit buildings of 4+ units need Site Plan Review (§903.02.E.2; §922.04.A.5). Parking minimum is 1 per unit for single-unit detached/two/three/multi-unit (0 for single-unit attached); a maximum also applies. §914.02.A Schedule A. Contextual side (min 3 ft), rear and height are also allowed (§925.06.C, §925.06.I, §925.07.D). The code sets no FAR or lot coverage in residential districts. Ch. 915/906 overlays can add limits."
RM-M,"Multi-Unit Residential, Moderate Density",P,P,P,P,2400,,25,25,10,55,4,,,1,Y,§903.03.C.2 site development standards table (current text; history cites Ord. 10-2025); §911.02 Use Table; §914.02.A Parking Schedule A; §925.06.B,confirmed,"The current §903.03 table has one minimum lot size and no per-unit lot area row. The 2024 DCP draft struck the per-unit rows, and the section history cites Ord. 10-2025 (eff. 5-7-2025). Side setback shown is the minimum interior side yard; minimum exterior (street) side yard is 25 ft. Interior side setback is zero on a party-wall side for attached units (§903.03.C.2). Single-Unit Attached Residential is P. New multi-unit buildings of 4+ units need Site Plan Review (§903.02.E.2; §922.04.A.5). Parking minimum is 1 per unit for single-unit detached/two/three/multi-unit (0 for single-unit attached); a maximum also applies. §914.02.A Schedule A. Contextual side (min 3 ft), rear and height are also allowed (§925.06.C, §925.06.I, §925.07.D). The code sets no FAR or lot coverage in residential districts. Ch. 915/906 overlays can add limits."
RM-H,"Multi-Unit Residential, High Density",P,P,P,P,1200,,25,25,10,85,9,,,1,Y,§903.03.D.2 site development standards table (current text; history cites Ord. 10-2025); §911.02 Use Table; §914.02.A Parking Schedule A; §925.06.B,confirmed,"The current §903.03 table has one minimum lot size and no per-unit lot area row. The 2024 DCP draft struck the per-unit rows, and the section history cites Ord. 10-2025 (eff. 5-7-2025). Side setback shown is the minimum interior side yard; minimum exterior (street) side yard is 25 ft. Interior side setback is zero on a party-wall side for attached units (§903.03.D.2). Single-Unit Attached Residential is P. New multi-unit buildings of 4+ units need Site Plan Review (§903.02.E.2; §922.04.A.5). Ch. 916 Residential Compatibility Standards can add height/setback limits near residential/H districts. Parking minimum is 1 per unit for single-unit detached/two/three/multi-unit (0 for single-unit attached); a maximum also applies. §914.02.A Schedule A. Contextual side (min 3 ft), rear and height are also allowed (§925.06.C, §925.06.I, §925.07.D). The code sets no FAR or lot coverage in residential districts. Ch. 915/906 overlays can add limits."
RM-VH,"Multi-Unit Residential, Very High Density",P,P,P,P,,,25,25,10,180,,,,1,Y,§903.03.E.2 site development standards table (current text; history cites Ord. 10-2025); §911.02 Use Table; §914.02.A Parking Schedule A; §925.06.B,confirmed,"No minimum lot size row in the VH table. The current §903.03 table has one minimum lot size and no per-unit lot area row. The 2024 DCP draft struck the per-unit rows, and the section history cites Ord. 10-2025 (eff. 5-7-2025). Side setback shown is the minimum interior side yard; minimum exterior (street) side yard is 25 ft. Interior side setback is zero on a party-wall side for attached units (§903.03.E.2). Single-Unit Attached Residential is P. New multi-unit buildings of 4+ units need Site Plan Review (§903.02.E.2; §922.04.A.5). Ch. 916 Residential Compatibility Standards can add height/setback limits near residential/H districts. RM-VH maximum height is 180 ft with no story limit stated. Parking minimum is 1 per unit for single-unit detached/two/three/multi-unit (0 for single-unit attached); a maximum also applies. §914.02.A Schedule A. Contextual side (min 3 ft), rear and height are also allowed (§925.06.C, §925.06.I, §925.07.D). The code sets no FAR or lot coverage in residential districts. Ch. 915/906 overlays can add limits."
NDO,Neighborhood Office,P,P,P,P,0,,0,20,0,45,3,3,90,1,Y,§904.01.C site development standards table; §911.02 Use Table; §914.02.A,confirmed,"Rear setback is 20 ft, or 10 ft when the lot abuts a way. No front or side setback is required. Site Plan Review applies to construction on lots of 2,400 sf or more (§922.04.A.1). Ch. 916 applies."
LNC,Local Neighborhood Commercial,P,P,P,P,0,,0,20,0,45,3,2,90,1,Y,§904.02.C site development standards table; §911.02 Use Table; §914.02.A,confirmed,"Rear setback is 20 ft, or none when the lot abuts a way. Site Plan Review applies on lots of 2,400 sf or more (§922.04.A.1). In LNC the sustainable-development FAR/height bonus (up to +20%) needs a Planning Commission PDP (§915.04.E). Ch. 916 applies."
NDI,Neighborhood Industrial,P,P,P,P,0,,0,20,0,45,3,2,90,1,Y,§904.03.C site development standards table; §911.02 Use Table; §914.02.A,confirmed,"Rear setback is 20 ft, or none when the lot abuts a way. Site Plan Review applies on lots of 2,400 sf or more (§922.04.A.1). Ch. 916 applies."
UNC,Urban Neighborhood Commercial,P,P,P,P,0,,0,20,0,45,3,3,,1,Y,§904.04.C site development standards table; §911.02 Use Table; §914.02.A,confirmed,"Within 1,500 ft of a Major Transit Facility the limits rise to FAR 4 and 60 ft (4 stories). A special exception can allow up to 85 ft (6 stories) (§904.04.C). Rear setback is 20 ft, or none when the lot abuts a way. No lot coverage limit is stated. Ch. 916 applies."
HC,Highway Commercial,N,N,N,N,0,,0,20,0,75,5,2,,,Y,§904.05.C site development standards table; §911.02 Use Table,confirmed,"The Use Table cells for all four residential uses are blank in HC, so they are not permitted. FAR rises to 3 within 1,500 ft of a Major Transit Facility. Rear setback is 20 ft, or none when the lot abuts a way."
GI,General Industrial,N,N,N,N,0,,0,20,10,75,5,3,,,Y,§904.06.C site development standards table; §911.02 Use Table,confirmed,"Residential uses are blank in the GI column of the Use Table. Exterior side yard is 10 ft. Rear setback is 20 ft, or none when the lot abuts a way."
UI,Urban Industrial,N,N,N,S,0,,0,20,10,60,4,3,,1,Y,§904.07.C site development standards table; §911.02 Use Table; §911.04.A.85; §914.02.A,confirmed,"Multi-unit is a special exception, and units may be limited to upper floors (§911.04.A.85(a)). FAR rises to 4 within 1,500 ft of a Major Transit Facility. Special exceptions for extra height and for more FAR when 75% or more of the building is multi-unit (§904.07.C). Single-unit attached is also blank."
UC-MU,Urban Center Mixed Use,N,P,P,P,,,,,,,,,,0.5,,§904.08.C; §922.15; §911.02 Use Table; §914.04; §922.15.A.1,partial,"Base and bonus heights come from the adopted Height Map, which is not reproduced here. Minimum height is 24 ft, and Contextual Height (§925.07.D) is not allowed. Step-backs apply above 65 ft; height bonuses run through Performance Points (§904.08.C; §915.07). Parking minimum is 50% of Schedule A and the maximum equals the Schedule A minimum (§922.15.A.1). No FAR, lot coverage or setback table was found in §904.08."
UC-E,Urban Center Employment,N,N,N,A,,,,,,,,,,,,§904.09.C; §922.15; §911.02 Use Table; §911.04.A.85(c); §914.04,partial,"Multi-unit is an Administrator Exception. It must be 100% affordable under the §907.04.A.6 standards, or residential must be under 50% of GFA in a mixed-use building (§911.04.A.85(c)). Height comes from the Height Map (not reproduced) with a 40 ft minimum. On parking, §914.04 lists a 100% decrease for UC-E, but §922.15.A.1 sets 50% of Schedule A and says it controls in a conflict; not resolved here."
R-MU,Residential Mixed Use,P,P,P,P,,,,5,,,,,,0.5,,§904.10.C; §922.15; §911.02 Use Table; §922.15.A.1,partial,"Rear setback is 5 ft, or 2 ft when the lot abuts a way (§904.10.C.2). A build-to zone of 0-20 ft from the street line must hold at least 60% of the frontage (§904.10.C.3). Minimum height is 24 ft; maximum comes from the Height Map (not reproduced), with step-backs above 45 ft. Contextual Height is not allowed. Parking minimum is 50% of Schedule A (§922.15.A.1)."
P,Parks and Open Space,P,N,N,N,3200,,30,20,5,40,3,1,,1,Y,§905.01.C site development standards table; §911.02 Use Table; §914.02.A,confirmed,"The Use Table shows P for Single-Unit Detached in the P district (verified against the official §911.02 table, https://ecode360.com/45476524, 2026-09-26; attached, two-, three- and multi-unit are not permitted). Exterior side yard is 20 ft. Site Plan Review applies on lots of 2,400 sf or more (§905.01.D)."
H,Hillside,A,N,N,N,3200,,0,0,0,40,3,,,1,Y,§905.02.C site development standards table; §911.02 Use Table; §911.04.A.69(a); §922.04.A.4,confirmed,"A = Administrator Exception, a code category outside the requested P/C/S/N key. Single-unit attached is S. The table lists setbacks as none. Maximum disturbance is 50% of lot area. The primary structure must sit on contiguous land under 30% slope. The Zoning Administrator may require a soils report (triggers include natural slopes over 20% and landslide-prone areas) (§911.04.A.69(a)). All construction needs Site Plan Review."
EMI,Educational/Medical Institution,P,N,N,A,,,,,,,,,,,,§905.03.C-D; §911.02 Use Table; §911.04.A.85(b); §922.12,partial,"Site development standards come from each institution's approved Institutional Master Plan, not a district table (§905.03.C). Multi-unit is an Administrator Exception subject to Ch. 916 and a no-detrimental-impact finding (§911.04.A.85(b))."
RIV-RM,Riverfront Mixed Residential,N,P,P,P,,,,,,60,,,,0.5,,§905.04.E.3 (height); §905.04.E.4.a (riparian buffer); §905.04.E.4.c (rear setback); §911.02 Use Table; §914.04,partial,"Base height is 60 ft (45 ft where the RIV height map says so). Minimum height is 24 ft, and bonus height via Performance Points (§905.04.K). No development within 125 ft of the river's Project Pool Elevation; bonus points can reduce this to 95 ft (to 50 ft in limited cases). Rear setback is 5 ft for single-unit attached, two-unit and three-unit (2 ft abutting a way), none for other uses. Riverfront parking minimums are cut 50% (§914.04). Build-to zones and design standards apply. Min lot size and FAR not found."
RIV-MU,Riverfront Mixed Use,N,P,P,P,,,,,,60,,,,0.5,,§905.04.E.3 (height); §905.04.E.4.a (riparian buffer); §905.04.E.4.c (rear setback); §911.02 Use Table; §914.04,partial,"Base height is 60 ft (45 ft where the RIV height map says so). Minimum height is 24 ft, and bonus height via Performance Points (§905.04.K). No development within 125 ft of the river's Project Pool Elevation; bonus points can reduce this to 95 ft (to 50 ft in limited cases). Rear setback is 5 ft for single-unit attached, two-unit and three-unit (2 ft abutting a way), none for other uses. Riverfront parking minimums are cut 50% (§914.04). Build-to zones and design standards apply. Min lot size and FAR not found."
RIV-NS,Riverfront North Shore,N,N,N,P,,,,,,60,,,,0.5,,§905.04.E.3 (height); §905.04.E.4.a (riparian buffer); §905.04.E.4.c (rear setback); §911.02 Use Table; §914.04,partial,"Base height is 60 ft (45 ft where the RIV height map says so). Minimum height is 24 ft, and bonus height via Performance Points (§905.04.K). No development within 125 ft of the river's Project Pool Elevation; bonus points can reduce this to 95 ft (to 50 ft in limited cases). Rear setback is 5 ft for single-unit attached, two-unit and three-unit (2 ft abutting a way), none for other uses. Riverfront parking minimums are cut 50% (§914.04). Build-to zones and design standards apply. Min lot size and FAR not found."
RIV-GI,Riverfront General Industrial,N,N,N,N,,,,,,60,,,,,,§905.04.E.3 (height); §905.04.E.4.a (riparian buffer); §905.04.E.4.c (rear setback); §911.02 Use Table; §914.04,partial,"Base height is 60 ft (45 ft where the RIV height map says so). Minimum height is 24 ft, and bonus height via Performance Points (§905.04.K). No development within 125 ft of the river's Project Pool Elevation; bonus points can reduce this to 95 ft (to 50 ft in limited cases). Rear setback is 5 ft for single-unit attached, two-unit and three-unit (2 ft abutting a way), none for other uses. Riverfront parking minimums are cut 50% (§914.04). Build-to zones and design standards apply. Min lot size and FAR not found."
RIV-IMU,Riverfront Industrial Mixed Use,N,P,P,P,,,,,,60,,,,0.5,,§905.04.E.3 (height); §905.04.E.4.a (riparian buffer); §905.04.E.4.c (rear setback); §911.02 Use Table; §914.04,partial,"Base height is 60 ft (45 ft where the RIV height map says so). Minimum height is 24 ft, and bonus height via Performance Points (§905.04.K). No development within 125 ft of the river's Project Pool Elevation; bonus points can reduce this to 95 ft (to 50 ft in limited cases). Rear setback is 5 ft for single-unit attached, two-unit and three-unit (2 ft abutting a way), none for other uses. Riverfront parking minimums are cut 50% (§914.04). Build-to zones and design standards apply. Min lot size and FAR not found."
GT-A,Golden Triangle A,N,P,P,P,,,,,,,,13,,0,,§910.01.F.3; §911.02 Use Table (GT column); §914.04,partial,"No height limit stated in the GT-A site development standards. Urban Open Space rules and FAR bonuses/transfers apply (§910.01.C-E). Parking is 0 assuming the lot is in the mapped Downtown Parking Exempt Area (100% decrease, §914.04); the map was not checked."
GT-B,Golden Triangle B,N,P,P,P,,,,,,,,13,,0,,§910.01.G.2; §911.02 Use Table (GT column); §914.04,partial,"No height limit stated in the GT-B site development standards. Urban Open Space rules and FAR bonuses/transfers apply (§910.01.C-E). Parking is 0 assuming the lot is in the mapped Downtown Parking Exempt Area (100% decrease, §914.04); the map was not checked."
GT-C,Golden Triangle C,N,P,P,P,,,,,,,,7.5,,0,,§910.01.H.2; §911.02 Use Table (GT column); §914.04,partial,"Residential/hotel FAR can reach 10:1 by Planning Commission if residential/hotel floor area is at least twice the bonus area. Height is an inclined plane (e.g. 180 ft at Fort Pitt Blvd to 385 ft at Third Ave); bulk reduction above 300 ft. Urban Open Space rules and FAR bonuses/transfers apply (§910.01.C-E). Parking is 0 assuming the lot is in the mapped Downtown Parking Exempt Area (100% decrease, §914.04); the map was not checked."
GT-D,Golden Triangle D,N,P,P,P,,,,,,,,7.5,,0,,§910.01.I.2; §911.02 Use Table (GT column); §914.04,partial,"Urban Open Space of 60% of lot area is required. Height is an inclined plane. Urban Open Space rules and FAR bonuses/transfers apply (§910.01.C-E). Parking is 0 assuming the lot is in the mapped Downtown Parking Exempt Area (100% decrease, §914.04); the map was not checked."
GT-E,Golden Triangle E,N,P,P,P,,,,,,,,6,,0,,§910.01.J.2; §911.02 Use Table (GT column); §914.04,partial,"Residential/hotel FAR can reach 7.5 by Planning Commission. Height is an inclined plane (100 ft to 400 ft). Urban Open Space rules and FAR bonuses/transfers apply (§910.01.C-E). Parking is 0 assuming the lot is in the mapped Downtown Parking Exempt Area (100% decrease, §914.04); the map was not checked."
GPRA,Grandview Public Realm A,P,P,N,N,,3000,15,30,3,40,,,,1,Y,§908.02.C.3; §908.02.D.1; §914.02.A,confirmed,"The GPR district has its own permitted-use lists, not §911.02. Lot area per unit is 3,000 sf for single-unit detached and two-unit, 2,500 sf for single-unit attached. The front setback follows abutting properties (per §925.06.B), else 15 ft. Side setback is the average of the abutting lots, at least 3 ft. Rear is 30 ft; on the north side of Grandview Ave, no building on slopes over 30%. Nothing may descend more than 15 ft (one level) below the Grandview Ave right-of-way (§908.02.C.2). Accessory structures max 15 ft."
GPRB,Grandview Public Realm B,P,P,P,P,,600,15,30,3,40,,,,1,Y,§908.02.C.3; §908.02.D.2; §908.02.E.1; §914.02.A,confirmed,"Lot area per unit is 600 sf for multi-unit, 2,500 sf for single-unit attached, and 3,000 sf for single-unit detached, two- and three-unit. Special exception for residential-only buildings on the south side of Grandview Ave: up to 100 ft, if within 500 ft of an existing building over 40 ft (§908.02.E.1). The subdistrict text cites §908.02.H for this, but it appears at §908.02.E. Setback rules are the same as GPRA."
GPRC,Grandview Public Realm C,P,P,P,P,,600,15,30,3,40,,,,1,Y,§908.02.C.3; §908.02.D.3; §908.02.E.1; §914.02.A,partial,"Multi-unit lot area per unit is 600 sf; single-unit attached is 2,500 sf. For single-unit detached, two- and three-unit the code says 300 sf, which looks like a drafting error (3,000 sf in GPR-B and GPR-D); confirm with Zoning. The height special exception is the same as GPRB. Hotel, limited retail and restaurants are Administrator Exceptions."
UPR-A,Uptown Public Realm A (Mixed-Use Urban Core),N,P,P,P,0,,0,20,0,60,,,,0,,§908.04.D.1 (uses; site development standards table); §908.04.C (parking table; bonus height at C.4); §914.04,partial,"Uses follow the GT district (the code text says 'Chapter 903 for the GT'; the GT column of §911.02 is assumed). Minimum height is 30 ft; up to 180 ft with Performance Points (15 ft per point). Front/street-side setback is 0 ft for the first 50 ft of height, then 10/15/25 ft. Rear is 20 ft, or 0 ft abutting a way, Tustin St or Watson St. Residential parking minimum is exempt (100%, §914.04), with a 0.9 per unit maximum."
UPR-B,Uptown Public Realm B (Residential Core),P,P,P,P,0,,0,20,0,40,,,,0,,§908.04.D.2 (uses; site development standards table); §908.04.C (parking table; bonus height at C.4); §914.04,partial,"Uses follow the LNC district (LNC column of §911.02 assumed) with listed changes. Minimum height is 20 ft; up to 70 ft with bonus. Front setback is 0 ft for the first 40 ft of height, then 10 ft. Rear is 20 ft, or 0 ft abutting a way, Tustin St or Watson St. Residential parking minimum is exempt (§914.04), with a 0.9 per unit maximum."
RP,Residential Planned Unit Development,,,,,,,,,,,,,,,,§909.02.D.2-3,partial,"Single-unit detached/attached, two-, three- and multi-unit dwellings are allowed per the unit development plan approved by the Planning Commission. They are not by-right Use Table uses, so the use cells are blank. Residential intensity is capped at the higher of the pre-rezoning intensity or the average of abutting districts (§909.02.D.3(a)). Ch. 914 parking applies unless the Commission sets stricter rules."
AP,Mixed-Use (Residential/Commercial) Planned Unit Development,,,,,,,,,,,,,,,,§909.02.F.2-3,partial,The Planning Commission may approve any use allowed in RP or CP per an approved unit development plan. Residential portions use RP intensity and open-space rules (§909.02.F.3(a)).
CP,Commercial Planned Unit Development,N,N,N,N,,,,,,,,,,,,§909.02.E.2-3; §911.02 Use Table (HC column),partial,"CP allows uses permitted in HC, and HC does not permit residential, so N is inferred, not stated. FAR is the higher of the pre-rezoning commercial FAR or the average of adjoining districts. 20% of land area must be urban open space."
SP-1,Pittsburgh Technology Center,N,N,N,,,,,,,,,,,,,§909.01.F.1; §914.04,partial,"Multi-Unit Residential is listed among the SP-1 uses (§909.01.F.1(i)); the approval path was not confirmed, so the cell is blank. Other residential types are not listed. SP districts need a Parking Demand Analysis (§914.04; §914.02.B). Dimensional standards are set per district/PDP and are not reproduced."
SP-4,Station Square,,,,,,,,,,,,,,,,§909.01.I; §914.04,unconfirmed,"Multiple-unit dwellings are listed in several SP-4 subdistricts. In SP-4(III), residential/hotel height is capped at 175 ft (20 stories). Per-subdistrict rules not tabulated. SP districts need a Parking Demand Analysis (§914.04; §914.02.B). Dimensional standards are set per district/PDP and are not reproduced."
SP-5,South Side Works,,,,,,,,,,,,,,,,§909.01.J; §914.04,unconfirmed,Single-unit attached and multi-unit residential are listed in Development Subdistrict A and others; the full subdistrict list was not tabulated. SP districts need a Parking Demand Analysis (§914.04; §914.02.B). Dimensional standards are set per district/PDP and are not reproduced.
SP-8,Riverfront Landing,,,,,,,,,,,,,,,,§909.01.O; §914.04,unconfirmed,"Uses are tied to GT-district permissions, plus single-family attached by right. Residential cells were not tabulated. SP districts need a Parking Demand Analysis (§914.04; §914.02.B). Dimensional standards are set per district/PDP and are not reproduced."
SP-9,Bakery Square,,,,,,,,,,,,,,,,§909.01.P; §914.04,unconfirmed,"Single-unit detached/attached, two-, three- and multi-unit residential are listed in at least one subdistrict; which subdistricts, and the dimensional rules, were not tabulated. SP districts need a Parking Demand Analysis (§914.04; §914.02.B). Dimensional standards are set per district/PDP and are not reproduced."
SP-10,Hazelwood Green (Almono),,,,,,,,,,,,,,,,§909.01.Q; §914.04,unconfirmed,Residential Low/Medium/High use classes follow the Preliminary Land Development Plan. SP-10 parking tables show 1 space per unit for Residential Low and 0.85 for Medium and High; whether these are minimums or maximums was not verified. SP districts need a Parking Demand Analysis (§914.04; §914.02.B). Dimensional standards are set per district/PDP and are not reproduced.
SP-11,Lower Hill,N,P,P,P,,,,,,,,,,,,§909.01.R.3; §914.04,partial,"Subdistrict 1 lists single-unit attached, two-unit, three-unit and multi-unit residential as permitted primary uses (§909.01.R.3(a)); single-unit detached is not listed. Other subdistricts were not tabulated. Parking minimums are cut 100% (§914.04). SP districts need a Parking Demand Analysis (§914.04; §914.02.B). Dimensional standards are set per district/PDP and are not reproduced."
MTOBOR,Mount Oliver Borough,,,,,,,,,,,,,,,,,unconfirmed,Mount Oliver is a separate borough surrounded by the city. The Pittsburgh Zoning Code does not apply; the borough's own ordinance governs and was not reviewed.
