authority,service,fee_type,amount,unit,effective_date,source_url,confidence
Pittsburgh Water (PWSA),water,tapping/capacity fee (none in tariff),0,n/a,2026-03-08,https://www.pgh2o.com/sites/default/files/2026-03/CURRENT%20Pittsburgh%20Water%20-%20Water%20Tariff_0.pdf,confirmed
Pittsburgh Water (PWSA),water,residential permit (new water/sewer taps),40,per permit,2026-03-08,https://www.pgh2o.com/sites/default/files/2026-03/CURRENT%20Pittsburgh%20Water%20-%20Water%20Tariff_0.pdf,confirmed
Pittsburgh Water (PWSA),water,developer fee - water and sewer availability letter,40,per letter,2026-03-08,https://www.pgh2o.com/sites/default/files/2026-03/CURRENT%20Pittsburgh%20Water%20-%20Water%20Tariff_0.pdf,confirmed
Pittsburgh Water (PWSA),water,tap-in plan review (larger than single-family),420,per review,2026-03-08,https://www.pgh2o.com/sites/default/files/2026-03/CURRENT%20Pittsburgh%20Water%20-%20Water%20Tariff_0.pdf,confirmed
Pittsburgh Water (PWSA),water,tap-in plan review - expedited,740,per review,2026-03-08,https://www.pgh2o.com/sites/default/files/2026-03/CURRENT%20Pittsburgh%20Water%20-%20Water%20Tariff_0.pdf,confirmed
Pittsburgh Water (PWSA),water,private construction of public facilities plan review,680,per review,2026-03-08,https://www.pgh2o.com/sites/default/files/2026-03/CURRENT%20Pittsburgh%20Water%20-%20Water%20Tariff_0.pdf,confirmed
Pittsburgh Water (PWSA),water,connection fee tap 1 in (normal hours),340,per connection,2022-01-12,https://www.pgh2o.com/sites/default/files/2026-03/CURRENT%20Pittsburgh%20Water%20-%20Water%20Tariff_0.pdf,confirmed
Pittsburgh Water (PWSA),water,connection fee tap 4-12 in (normal hours),400,per connection,2022-01-12,https://www.pgh2o.com/sites/default/files/2026-03/CURRENT%20Pittsburgh%20Water%20-%20Water%20Tariff_0.pdf,confirmed
Pittsburgh Water (PWSA),water,connection fee tap 1 in (after hours),510,per connection,2022-01-12,https://www.pgh2o.com/sites/default/files/2026-03/CURRENT%20Pittsburgh%20Water%20-%20Water%20Tariff_0.pdf,confirmed
Pittsburgh Water (PWSA),water,meter fee 5/8 in positive displacement,190,per meter 5/8 in,2022-01-12,https://www.pgh2o.com/sites/default/files/2026-03/CURRENT%20Pittsburgh%20Water%20-%20Water%20Tariff_0.pdf,confirmed
Pittsburgh Water (PWSA),water,meter fee 3/4 in positive displacement,210,per meter 3/4 in,2022-01-12,https://www.pgh2o.com/sites/default/files/2026-03/CURRENT%20Pittsburgh%20Water%20-%20Water%20Tariff_0.pdf,confirmed
Pittsburgh Water (PWSA),water,meter fee 1 in positive displacement,240,per meter 1 in,2022-01-12,https://www.pgh2o.com/sites/default/files/2026-03/CURRENT%20Pittsburgh%20Water%20-%20Water%20Tariff_0.pdf,confirmed
Pittsburgh Water (PWSA),sewer,tapping/capacity fee (none in tariff),0,n/a,2026-03-08,https://www.pgh2o.com/sites/default/files/2026-03/CURRENT%20Pittsburgh%20Water%20-%20Wastewater%20Tariff.pdf,confirmed
Pittsburgh Water (PWSA),sewer,residential permit (sewer taps),40,per permit,2026-03-08,https://www.pgh2o.com/sites/default/files/2026-03/CURRENT%20Pittsburgh%20Water%20-%20Wastewater%20Tariff.pdf,confirmed
Pittsburgh Water (PWSA),sewer,tap-in plan review,420,per review,2026-03-08,https://www.pgh2o.com/sites/default/files/2026-03/CURRENT%20Pittsburgh%20Water%20-%20Wastewater%20Tariff.pdf,confirmed
Pittsburgh Water (PWSA),sewer,DEP sewage facilities planning review,240,per review,2026-03-08,https://www.pgh2o.com/sites/default/files/2026-03/CURRENT%20Pittsburgh%20Water%20-%20Wastewater%20Tariff.pdf,confirmed
Pennsylvania American Water,water,street service connection (first per applicant free; additional/replacement at cost),0,per first connection,2024-08-07,https://www.amwater.com/paaw/Resources/PDF/Rates/Pennsylvania%20American%20Water%20Water%20Tariff.pdf,confirmed
Pennsylvania American Water,water,service activation fee (new accounts),30,per account,2018-01-01,https://www.amwater.com/paaw/Resources/PDF/Rates/Pennsylvania%20American%20Water%20Water%20Tariff.pdf,confirmed
West View Water Authority,water,tapping fee meter 5/8 in,2144.31,per meter 5/8 in,2024-05-28,https://westviewwater.org/tapping-fees/,confirmed
West View Water Authority,water,tapping fee meter 3/4 in,3216.46,per meter 3/4 in,2024-05-28,https://westviewwater.org/tapping-fees/,confirmed
West View Water Authority,water,tapping fee meter 1 in,5360.77,per meter 1 in,2024-05-28,https://westviewwater.org/tapping-fees/,confirmed
West View Water Authority,water,tapping fee meter 1.5 in,10721.54,per meter 1.5 in,2024-05-28,https://westviewwater.org/tapping-fees/,confirmed
West View Water Authority,water,tapping fee meter 2 in,17154.47,per meter 2 in,2024-05-28,https://westviewwater.org/tapping-fees/,confirmed
West View Water Authority,water,tapping fee meter 3 in,32164.63,per meter 3 in,2024-05-28,https://westviewwater.org/tapping-fees/,confirmed
West View Water Authority,water,tapping fee meter 4 in,53607.72,per meter 4 in,2024-05-28,https://westviewwater.org/tapping-fees/,confirmed
West View Water Authority,water,tapping fee meter 6 in,107215.45,per meter 6 in,2024-05-28,https://westviewwater.org/tapping-fees/,confirmed
West View Water Authority,water,tapping fee meter 8 in,171544.72,per meter 8 in,2024-05-28,https://westviewwater.org/tapping-fees/,confirmed
West View Water Authority,water,"connection fee (5/8, 3/4, 1 in meters; 1.5 in+ = actual construction cost + 17%)",2250,per connection,2024-05-28,https://westviewwater.org/tapping-fees/,confirmed
Wilkinsburg-Penn Joint Water Authority,water,"service connection fee 3/4 or 1 in line, normal installation",1495,per connection,2026,https://wpjwa.org/wp-content/uploads/2026/06/Rules-booklet-2026-1-8-26-Rate-Increases.pdf,confirmed
Wilkinsburg-Penn Joint Water Authority,water,"service connection fee larger than 1 in (actual cost, this minimum)",1495,per connection (minimum),2026,https://wpjwa.org/wp-content/uploads/2026/06/Rules-booklet-2026-1-8-26-Rate-Increases.pdf,confirmed
Wilkinsburg-Penn Joint Water Authority,water,service connection fee 1 in combination domestic and fire,1995,per connection,2026,https://wpjwa.org/wp-content/uploads/2026/06/Rules-booklet-2026-1-8-26-Rate-Increases.pdf,confirmed
Wilkinsburg-Penn Joint Water Authority,water,cost estimate fee (non-standard installation),200,per estimate,2026,https://wpjwa.org/wp-content/uploads/2026/06/Rules-booklet-2026-1-8-26-Rate-Increases.pdf,confirmed
Municipal Authority of Westmoreland County,sewer,tap connection fee (EDU = 210 gpd; RUS project areas differ),2200,per EDU,2025,https://www.mawc.org/2025-wastewater-rates-page,likely
Municipal Authority of Westmoreland County,water,tap-in fee 3/4 in,3200,per connection 3/4 in,2025,https://www.mawc.org/2025-miscellaneous-fees,likely
Municipal Authority of Westmoreland County,water,tap-in fee 1 in,3300,per connection 1 in,2025,https://www.mawc.org/2025-miscellaneous-fees,likely
Municipal Authority of Westmoreland County,water,tap-in fee 1 in doubled to 3/4 in,4200,per connection,2025,https://www.mawc.org/2025-miscellaneous-fees,likely
Municipal Authority of Westmoreland County,water,tap-in fee 2 in,5900,per connection 2 in,2025,https://www.mawc.org/2025-miscellaneous-fees,likely
Municipal Authority of Westmoreland County,water,tap-in fee 4 in,11800,per connection 4 in,2025,https://www.mawc.org/2025-miscellaneous-fees,likely
Municipal Authority of Westmoreland County,water,tap-in fee 6 in,17700,per connection 6 in,2025,https://www.mawc.org/2025-miscellaneous-fees,likely
Municipal Authority of Westmoreland County,water,tap-in fee 8 in and larger,23600,per connection 8 in+,2025,https://www.mawc.org/2025-miscellaneous-fees,likely
Hampton Shaler Water Authority,water,tapping fee - capacity part 5/8 in,938.50,per meter 5/8 in,2026-01-01,https://hswa-pa.org/wp-content/uploads/2026/01/Tapping-Fee-Schedule-2026.pdf,confirmed
Hampton Shaler Water Authority,water,tapping fee - capacity part 3/4 in,1407.75,per meter 3/4 in,2026-01-01,https://hswa-pa.org/wp-content/uploads/2026/01/Tapping-Fee-Schedule-2026.pdf,confirmed
Hampton Shaler Water Authority,water,tapping fee - capacity part 1 in,2346.25,per meter 1 in,2026-01-01,https://hswa-pa.org/wp-content/uploads/2026/01/Tapping-Fee-Schedule-2026.pdf,confirmed
Hampton Shaler Water Authority,water,tapping fee - capacity part 2 in,7508.00,per meter 2 in,2026-01-01,https://hswa-pa.org/wp-content/uploads/2026/01/Tapping-Fee-Schedule-2026.pdf,confirmed
Hampton Shaler Water Authority,water,tapping fee - distribution part 5/8 in,1452.50,per meter 5/8 in,2026-01-01,https://hswa-pa.org/wp-content/uploads/2026/01/Tapping-Fee-Schedule-2026.pdf,confirmed
Hampton Shaler Water Authority,water,tapping fee - distribution part 3/4 in,2178.75,per meter 3/4 in,2026-01-01,https://hswa-pa.org/wp-content/uploads/2026/01/Tapping-Fee-Schedule-2026.pdf,confirmed
Hampton Shaler Water Authority,water,tapping fee - distribution part 1 in,3631.25,per meter 1 in,2026-01-01,https://hswa-pa.org/wp-content/uploads/2026/01/Tapping-Fee-Schedule-2026.pdf,confirmed
Hampton Shaler Water Authority,water,tapping fee - distribution part 2 in,11620.00,per meter 2 in,2026-01-01,https://hswa-pa.org/wp-content/uploads/2026/01/Tapping-Fee-Schedule-2026.pdf,confirmed
Hampton Shaler Water Authority,water,connection fee 5/8 in (other sizes = actual construction cost; hardscape restoration added),2200.00,per connection 5/8 in,2026-01-01,https://hswa-pa.org/wp-content/uploads/2026/01/Tapping-Fee-Schedule-2026.pdf,confirmed
Hampton Shaler Water Authority,water,customer facilities fee (actual meter cost; amount 0 = see cost),0,per meter (actual cost),2026-01-01,https://hswa-pa.org/wp-content/uploads/2026/01/Tapping-Fee-Schedule-2026.pdf,confirmed
Hampton Shaler Water Authority,water,tapping fee - special purpose part (areas of West Deer only),1300,per connection,2026-01-01,https://hswa-pa.org/wp-content/uploads/2026/01/Tapping-Fee-Schedule-2026.pdf,confirmed
Hampton Shaler Water Authority,water,fee subtotal 5/8 in (connection + capacity + distribution),4591.00,per meter 5/8 in,2026-01-01,https://hswa-pa.org/wp-content/uploads/2026/01/Tapping-Fee-Schedule-2026.pdf,confirmed
Fox Chapel Authority,water,"connection fee (1 in service, 5/8 through 1 in meter)",620.40,per connection,2024-06-25,https://www.foxchapelwater.com/rates-and-fees/,confirmed
Fox Chapel Authority,water,"customer facilities fee 5/8x3/4 in, no meter pit (1310 with pit)",224,per meter 5/8x3/4 in,2024-06-25,https://www.foxchapelwater.com/rates-and-fees/,confirmed
Fox Chapel Authority,water,"customer facilities fee 3/4 in, no meter pit (1330 with pit)",244,per meter 3/4 in,2024-06-25,https://www.foxchapelwater.com/rates-and-fees/,confirmed
Fox Chapel Authority,water,"customer facilities fee 1 in, no meter pit (1433 with pit)",347,per meter 1 in,2024-06-25,https://www.foxchapelwater.com/rates-and-fees/,confirmed
Fox Chapel Authority,water,tapping fee - capacity part 5/8x3/4 in,2114.25,per meter 5/8x3/4 in,2024-06-25,https://www.foxchapelwater.com/rates-and-fees/,confirmed
Fox Chapel Authority,water,tapping fee - distribution part 5/8x3/4 in,1041.35,per meter 5/8x3/4 in,2024-06-25,https://www.foxchapelwater.com/rates-and-fees/,confirmed
Fox Chapel Authority,water,tapping fee - capacity part 3/4 in,2219.96,per meter 3/4 in,2024-06-25,https://www.foxchapelwater.com/rates-and-fees/,confirmed
Fox Chapel Authority,water,tapping fee - distribution part 3/4 in,1093.42,per meter 3/4 in,2024-06-25,https://www.foxchapelwater.com/rates-and-fees/,confirmed
Fox Chapel Authority,water,tapping fee - capacity part 1 in,3699.94,per meter 1 in,2024-06-25,https://www.foxchapelwater.com/rates-and-fees/,confirmed
Fox Chapel Authority,water,tapping fee - distribution part 1 in,1822.36,per meter 1 in,2024-06-25,https://www.foxchapelwater.com/rates-and-fees/,confirmed
Fox Chapel Authority,water,"total tap fee 5/8x3/4 in, no meter pit (5086 with pit)",4000.00,per meter 5/8x3/4 in,2024-06-25,https://www.foxchapelwater.com/rates-and-fees/,confirmed
McCandless Township Sanitary Authority,sewer,"tap connection fee (uniform, all systems)",6500,per EDU,2026-01-01,https://www.mtsaonline.org/vertical/sites/%7B7E8E0613-F8E9-44F4-A9AC-7961C27C984F%7D/uploads/General_Fee_ScheduleARevised2026.pdf,confirmed
McCandless Township Sanitary Authority,sewer,"MTIS fee added to tap fee (Pine Creek North Fork watershed, Pine Twp)",923,per acre,2026-01-01,https://www.mtsaonline.org/vertical/sites/%7B7E8E0613-F8E9-44F4-A9AC-7961C27C984F%7D/uploads/General_Fee_ScheduleARevised2026.pdf,confirmed
McCandless Township Sanitary Authority,sewer,Franklin Park tap fee added to tap fee (Fish Run watershed),1833,per EDU,2026-01-01,https://www.mtsaonline.org/vertical/sites/%7B7E8E0613-F8E9-44F4-A9AC-7961C27C984F%7D/uploads/General_Fee_ScheduleARevised2026.pdf,confirmed
McCandless Township Sanitary Authority,sewer,Bear Run tap fee added to tap fee (Bear Run watershed),225,per EDU,2026-01-01,https://www.mtsaonline.org/vertical/sites/%7B7E8E0613-F8E9-44F4-A9AC-7961C27C984F%7D/uploads/General_Fee_ScheduleARevised2026.pdf,confirmed
McCandless Township Sanitary Authority,sewer,sewer tap machine - 1 line tap,350,per tap,2026-01-01,https://www.mtsaonline.org/vertical/sites/%7B7E8E0613-F8E9-44F4-A9AC-7961C27C984F%7D/uploads/General_Fee_ScheduleARevised2026.pdf,confirmed
McCandless Township Sanitary Authority,sewer,sewer tap machine - 1 manhole tap,400,per tap,2026-01-01,https://www.mtsaonline.org/vertical/sites/%7B7E8E0613-F8E9-44F4-A9AC-7961C27C984F%7D/uploads/General_Fee_ScheduleARevised2026.pdf,confirmed
McCandless Township Sanitary Authority,sewer,lateral connection inspection,70,per tap,2026-01-01,https://www.mtsaonline.org/vertical/sites/%7B7E8E0613-F8E9-44F4-A9AC-7961C27C984F%7D/uploads/General_Fee_ScheduleARevised2026.pdf,confirmed
Moon Township Municipal Authority,water,"residential tap fee 3/4 in line, 3/4 in meter, township road (county road 6474; state road 5999)",3999,per connection,2025-01-01,https://moontma.com/wp-content/uploads/2024/12/TAP-FEES-January-2025.pdf,likely
Moon Township Municipal Authority,water,"residential tap fee 1 in line, 3/4 in meter, township road (county 6544; state 6069)",4067,per connection,2025-01-01,https://moontma.com/wp-content/uploads/2024/12/TAP-FEES-January-2025.pdf,likely
Moon Township Municipal Authority,water,"residential tap fee 1 in line, 1 in meter, township road (county 6712; state 6237)",4235,per connection,2025-01-01,https://moontma.com/wp-content/uploads/2024/12/TAP-FEES-January-2025.pdf,likely
Moon Township Municipal Authority,sewer,"residential sanitary tap fee, 3/4 or 1 in meter, where lateral to lot exists",1472,per connection,2025-01-01,https://moontma.com/wp-content/uploads/2024/12/TAP-FEES-January-2025.pdf,likely
Municipal Authority of the Township of Robinson,water,single-family facility fee 3/4 in service and meter (8670 with meter pit),4430,per residential unit,2023-04-12,https://www.robinsonwater.com/sites/default/files/docs_forms_media/2023_residential_tapping_fees_by_line_size.pdf,likely
Municipal Authority of the Township of Robinson,water,single-family facility fee 1 in service and meter (10015 with meter pit),5775,per residential unit,2023-04-12,https://www.robinsonwater.com/sites/default/files/docs_forms_media/2023_residential_tapping_fees_by_line_size.pdf,likely
Municipal Authority of the Township of Robinson,sewer,single-family facility fee,3740,per residential unit,2023-04-12,https://www.robinsonwater.com/sites/default/files/docs_forms_media/2023_residential_tapping_fees_by_line_size.pdf,likely
Monroeville Municipal Authority,water,connection fee 5/8x3/4 in (other sizes per Exhibit A),2165.00,per connection 5/8x3/4 in,2026-07-01,https://www.monroevillewater.org/sites/default/files/2026-01/447-w_tap_fees_update-signed.pdf,confirmed
Monroeville Municipal Authority,water,tapping fee - capacity part,717.50,per EDU,2026-07-01,https://www.monroevillewater.org/sites/default/files/2026-01/447-w_tap_fees_update-signed.pdf,confirmed
Monroeville Municipal Authority,water,tapping fee - distribution/collection part (labelled Collection Charge),717.50,per EDU,2026-07-01,https://www.monroevillewater.org/sites/default/files/2026-01/447-w_tap_fees_update-signed.pdf,confirmed
Monroeville Municipal Authority,water,tapping fee - special purpose part,0,per EDU,2026-07-01,https://www.monroevillewater.org/sites/default/files/2026-01/447-w_tap_fees_update-signed.pdf,confirmed
Monroeville Municipal Authority,water,customer facilities fee (actual cost of meter and accessories; amount 0 = see cost),0,per meter (actual cost),2026-07-01,https://www.monroevillewater.org/sites/default/files/2026-01/447-w_tap_fees_update-signed.pdf,confirmed
Monroeville Municipal Authority,water,"total fee 5/8x3/4 in, plus actual meter cost",3600.00,per EDU,2026-07-01,https://www.monroevillewater.org/sites/default/files/2026-01/447-w_tap_fees_update-signed.pdf,confirmed
Monroeville Municipal Authority,sewer,tapping fee - capacity part,850.00,per EDU,2026-07-01,https://www.monroevillewater.org/sites/default/files/2026-01/448-s_tap_fees_update-signed.pdf,confirmed
Monroeville Municipal Authority,sewer,tapping fee - collection part,2750.00,per EDU,2026-07-01,https://www.monroevillewater.org/sites/default/files/2026-01/448-s_tap_fees_update-signed.pdf,confirmed
Monroeville Municipal Authority,sewer,tapping fee - special purpose part,0,per EDU,2026-07-01,https://www.monroevillewater.org/sites/default/files/2026-01/448-s_tap_fees_update-signed.pdf,confirmed
Monroeville Municipal Authority,sewer,customer facilities fee (none),0,per EDU,2026-07-01,https://www.monroevillewater.org/sites/default/files/2026-01/448-s_tap_fees_update-signed.pdf,confirmed
Monroeville Municipal Authority,sewer,connection fee (customer connects at own cost; authority inspects free),0,per connection,2026-07-01,https://www.monroevillewater.org/sites/default/files/2026-01/448-s_tap_fees_update-signed.pdf,confirmed
Plum Borough Municipal Authority,water,tap-in 5/8 to 3/4 in,4766,per tap,2024-02-01,https://www.plumboroughma.com/sites/g/files/vyhlif1081/f/uploads/raterevision2-26-25.pdf,likely
Plum Borough Municipal Authority,water,tap-in 1 in residential,5535,per tap,2024-02-01,https://www.plumboroughma.com/sites/g/files/vyhlif1081/f/uploads/raterevision2-26-25.pdf,likely
Plum Borough Municipal Authority,water,"tapping fee - distribution part, commercial (EDU = 163.15 gpd; Res. 2024-04; plus labor/materials)",2760,per EDU,2024-02-01,https://www.plumboroughma.com/sites/g/files/vyhlif1081/f/uploads/raterevision2-26-25.pdf,likely
Plum Borough Municipal Authority,sewer,residential sewer tap-in fee (all watersheds except Upper New Texas Road Sewer District),4000,per residential unit,2024-02-01,https://www.plumboroughma.com/sites/g/files/vyhlif1081/f/uploads/raterevision2-26-25.pdf,likely
Plum Borough Municipal Authority,sewer,commercial connection fee (Res. 2016-04),1840,per tap,2024-02-01,https://www.plumboroughma.com/sites/g/files/vyhlif1081/f/uploads/raterevision2-26-25.pdf,likely
Plum Borough Municipal Authority,sewer,commercial customer facilities fee,50,per tap,2024-02-01,https://www.plumboroughma.com/sites/g/files/vyhlif1081/f/uploads/raterevision2-26-25.pdf,likely
Plum Borough Municipal Authority,sewer,commercial tapping fee - capacity part (EDU = 225.9 gpd),1485,per EDU,2024-02-01,https://www.plumboroughma.com/sites/g/files/vyhlif1081/f/uploads/raterevision2-26-25.pdf,likely
Plum Borough Municipal Authority,sewer,commercial tapping fee - collection part,625,per EDU,2024-02-01,https://www.plumboroughma.com/sites/g/files/vyhlif1081/f/uploads/raterevision2-26-25.pdf,likely
Findlay Township Municipal Authority,water,residential water tap fee 3/4 in (commercial: contact authority),3610.00,per tap 3/4 in,2026,https://www.ftmawatersewer.com/fee-schedule,confirmed
Findlay Township Municipal Authority,water,residential water tap fee 1 in,6327.50,per tap 1 in,2026,https://www.ftmawatersewer.com/fee-schedule,confirmed
Findlay Township Municipal Authority,sewer,residential sewage tap fee,5490.00,per EDU,2026,https://www.ftmawatersewer.com/fee-schedule,confirmed
Municipal Authority of the Township of South Fayette,sewer,"connection/tap-in charge (Act 57 study Dec 2018, Res. 201; EDU = 225 gpd)",6894,per EDU,2026,https://www.matsf.net/182/Rates-Fees,confirmed
Municipal Authority of the Township of South Fayette,sewer,connection/tap-in charge if developer or owner installs the wye,5000,per EDU,2026,https://www.matsf.net/182/Rates-Fees,confirmed
Ross Township,sewer,"tap fee - Jacks Run, Spruce Run, Little Pine sewersheds",2665,per EDU,,https://www.ross.pa.us/Faq.aspx?QID=118,likely
Ross Township,sewer,tap fee - Lowries Run sewershed,3302.85,per EDU,,https://www.ross.pa.us/Faq.aspx?QID=118,likely
Girty's Run Joint Sanitary Authority (via Ross Twp FAQ),sewer,tap fee - Girty's Run sewershed,4400,per EDU,,https://www.ross.pa.us/Faq.aspx?QID=118,likely
